student_id,gender,program,term,year,campus,unit_code,assignment_1,quiz,mid_exam,practical_test_1,assignment_2,practical_test_2,submission_timeliness,funding_type,attendance,risk/notrisk
P1001,Male,DIT,1,2023,Labasa,411,85,78,82,90,none,none,on time,sponsored,75,1
P1002,Male,DIT,1,2023,Labasa,411,45,42,38,40,none,none,late submission,sponsored,78,0
P1003,Male,DIT,1,2023,Labasa,411,92,88,95,89,none,none,on time,sponsored,75,1
P1004,Male,DIT,1,2023,Labasa,411,67,72,65,70,none,none,on time,sponsored,78,1
P1005,Male,DIT,1,2023,Labasa,411,34,29,31,35,none,none,on time,sponsored,79,1
P1006,Male,DIT,1,2023,Labasa,411,78,85,80,75,none,none,on time,sponsored,76,1
P1007,Male,DIT,1,2023,Labasa,411,56,60,58,62,none,none,on time,sponsored,75,1
P1008,Female,DIT,1,2023,Labasa,411,91,87,93,88,none,none,on time,sponsored,75,1
P1009,Female,DIT,1,2023,Labasa,411,73,76,71,74,none,none,on time,sponsored,75,1
P1010,Female,DIT,1,2023,Labasa,411,48,52,45,50,none,none,on time,sponsored,100,1
P1011,Female,DIT,1,2023,Labasa,411,89,92,86,91,none,none,on time,sponsored,100,1
P1012,Female,DIT,1,2023,Labasa,411,62,58,64,61,none,none,on time,sponsored,100,1
P1013,Female,DIT,1,2023,Labasa,411,37,41,34,39,none,none,late submission,sponsored,100,0
P1014,Male,DIT,1,2023,Labasa,411,84,80,87,83,none,none,on time,sponsored,100,1
P1015,Female,DIT,1,2023,Labasa,411,71,68,74,69,none,none,on time,sponsored,100,1
P1016,Male,DIT,1,2023,Labasa,411,55,59,53,57,none,none,on time,sponsored,100,1
P1017,Male,DIT,1,2023,Labasa,411,93,96,91,94,none,none,on time,sponsored,100,1
P1018,Male,DIT,1,2023,Labasa,411,44,38,46,42,none,none,late submission,sponsored,100,0
P1019,Male,DIT,1,2023,Labasa,413,76,82,78,80,none,none,on time,sponsored,100,1
P1020,Male,DIT,1,2023,Labasa,413,81,79,83,85,none,none,on time,sponsored,75,1
P1021,Male,DIT,1,2023,Labasa,413,29,33,27,31,none,none,late submission,sponsored,75,0
P1022,Female,DIT,1,2023,Labasa,413,88,85,90,87,none,none,on time,sponsored,75,1
P1023,Male,DIT,1,2023,Labasa,413,65,69,62,67,none,none,on time,sponsored,75,1
P1024,Male,DIT,1,2023,Labasa,413,52,48,54,50,none,none,on time,sponsored,75,1
P1025,Female,DIT,1,2023,Labasa,413,87,91,84,89,none,none,on time,sponsored,75,1
P1026,Female,DIT,1,2023,Labasa,413,73,77,70,75,none,none,on time,sponsored,75,1
P1027,Female,DIT,1,2023,Labasa,413,46,43,49,45,none,none,late submission,sponsored,100,0
P1028,Female,DIT,1,2023,Labasa,413,82,86,79,84,none,none,on time,sponsored,78,1
P1029,Female,DIT,1,2023,Labasa,413,38,35,41,37,none,none,late submission,sponsored,79,0
P1030,Female,DIT,1,2023,Labasa,413,95,98,92,96,none,none,on time,sponsored,76,1
P2501,Female,CERTIV IT,1,2025,Labasa,410,65,none,none,0,0,0,late submission,private,52,0
P2502,Female,CERTIV IT,1,2025,Labasa,410,0,none,none,0,0,0,late submission,sponsored,50,0
P2503,Male,CERTIV IT,1,2025,Labasa,410,60,none,none,74,80,89,on time,sponsored,75,1
P2504,Male,CERTIV IT,1,2025,Labasa,410,0,none,none,0,0,0,late submission,sponsored,56,0
P2505,Male,CERTIV IT,1,2025,Labasa,410,0,none,none,0,0,0,late submission,sponsored,54,0
P2506,Male,CERTIV IT,1,2025,Labasa,410,0,none,none,70,0,67,late submission,private,75,0
P2507,Male,CERTIV IT,1,2025,Labasa,410,0,none,none,0,0,84,late submission,sponsored,75,0
P2508,Male,CERTIV IT,1,2025,Labasa,410,68,none,none,75,90,80,on time,sponsored,75,1
P2509,Female,CERTIV IT,1,2025,Labasa,410,0,none,none,0,0,0,late submission,sponsored,56,0
P2510,Male,CERTIV IT,1,2025,Labasa,410,0,none,none,70,0,62,on time,sponsored,75,1
P2511,Female,CERTIV IT,1,2025,Labasa,410,0,none,none,0,80,70,on time,sponsored,75,1
P2512,Male,CERTIV IT,1,2025,Labasa,410,0,none,none,0,0,70,late submission,private,55,0
P2513,Male,CERTIV IT,1,2025,Labasa,410,0,none,none,0,0,0,late submission,private,55,0
P2514,Female,CERTIV IT,1,2025,Labasa,410,54,none,none,50,0,0,late submission,sponsored,51,0
P2515,Male,CERTIV IT,1,2025,Labasa,410,84,none,none,84,84,92,on time,sponsored,75,1
P2516,Male,CERTIV IT,1,2025,Labasa,410,0,none,none,0,0,0,late submission,sponsored,75,0
P2517,Male,CERTIV IT,1,2025,Labasa,410,59,none,none,80,0,72,on time,sponsored,75,1
P2518,Male,CERTIV IT,1,2025,Labasa,410,65,none,none,71,83,75,late submission,sponsored,75,0
P2519,Male,CERTIV IT,1,2025,Labasa,410,50,none,none,78,92,70,on time,sponsored,75,1
P2520,Male,CERTIV IT,1,2025,Labasa,410,0,none,none,0,0,0,late submission,sponsored,75,0
P2521,Male,CERTIV IT,1,2025,Labasa,410,80,none,none,85,93,90,on time,sponsored,75,1
P2522,Female,CERTIV IT,1,2025,Labasa,410,0,none,none,0,0,0,late submission,sponsored,75,0
P2523,Female,CERTIV IT,1,2025,Labasa,410,0,none,none,70,0,75,on time,sponsored,75,1
P2524,Female,CERTIV IT,1,2025,Labasa,410,52,none,none,72,89,78,on time,sponsored,75,1
P2525,Male,CERTIV IT,1,2025,Labasa,410,64,none,none,62,80,84,on time,sponsored,75,1
P2526,Male,CERTIV IT,1,2025,Labasa,410,50,none,none,79,90,83,on time,sponsored,75,1
P2527,Male,CERTIV IT,1,2025,Labasa,410,70,none,none,75,87,85,on time,sponsored,75,1
P2528,Female,CERTIV IT,1,2025,Labasa,410,80,none,none,84,87,90,on time,sponsored,75,1
P2529,Female,CERTIV IT,1,2025,Labasa,410,65,none,none,78,75,90,on time,private,75,1
P2530,Female,CERTIV IT,1,2025,Labasa,410,84,none,none,70,90,89,on time,private,75,1
P2531,Female,CERTIV IT,1,2025,Labasa,410,55,none,none,0,0,0,late submission,private,68,0
P2532,Male,CERTIV IT,1,2025,Labasa,410,52,none,none,72,92,83,on time,private,75,1
P2533,Female,CERTIV IT,1,2025,Labasa,410,75,none,none,50,70,67,on time,sponsored,75,1
P2534,Female,CERTIV IT,1,2025,Labasa,410,68,none,none,81,0,84,on time,sponsored,75,1
P2535,Female,CERTIV IT,1,2025,Labasa,410,66,none,none,74,86,90,on time,sponsored,75,1
P2536,Female,CERTIV IT,1,2025,Labasa,410,52,none,none,72,75,82,on time,sponsored,75,1
P2537,Female,CERTIV IT,1,2025,Labasa,410,60,none,none,78,78,68,on time,sponsored,75,1
P2538,Female,CERTIV IT,1,2025,Labasa,410,70,none,none,80,89,72,on time,sponsored,75,1
P2539,Female,CERTIV IT,1,2025,Labasa,410,60,none,none,71,0,68,on time,sponsored,75,1
P2540,Female,CERTIV IT,1,2025,Labasa,410,90,none,none,85,89,80,on time,sponsored,75,1
P2541,Female,CERTIV IT,1,2025,Labasa,410,0,none,none,0,0,0,late submission,sponsored,78,0
P2542,Female,CERTIV IT,1,2025,Labasa,410,78,none,none,84,95,85,on time,sponsored,75,1
P2543,Female,CERTIV IT,1,2025,Labasa,410,78,none,none,85,0,84,on time,sponsored,75,1
P2544,Female,CERTIV IT,1,2025,Labasa,410,0,none,none,0,0,60,late submission,sponsored,75,0
P2545,Female,CERTIV IT,1,2025,Labasa,410,50,none,none,60,90,80,on time,sponsored,75,1
P2546,Female,CERTIV IT,1,2025,Labasa,410,65,none,none,78,78,68,on time,sponsored,75,1
P2547,Female,CERTIV IT,1,2025,Labasa,410,0,none,none,0,0,67,late submission,sponsored,75,0
P2548,Female,CERTIV IT,1,2025,Labasa,410,55,none,none,84,79,71,on time,sponsored,75,1
P2549,Male,CERTIV IT,1,2025,Labasa,410,0,none,none,0,0,70,late submission,sponsored,75,0
P2550,Female,CERTIV IT,1,2025,Labasa,410,50,none,none,80,0,76,on time,sponsored,75,1
P2551,Female,CERTIV IT,1,2025,Labasa,410,70,none,none,74,84,79,on time,private,75,1
P2552,Female,CERTIV IT,1,2025,Labasa,410,0,none,none,0,0,0,late submission,sponsored,75,0
P2553,Female,CERTIV IT,1,2025,Labasa,410,78,none,none,73,78,78,on time,sponsored,75,1
P2554,Female,CERTIV IT,1,2025,Labasa,410,70,none,none,85,96,92,on time,sponsored,75,1
P2555,Female,CERTIV IT,1,2025,Labasa,410,75,none,none,80,83,84,on time,sponsored,75,1
P2556,Female,CERTIV IT,1,2025,Labasa,410,0,none,none,80,0,80,on time,sponsored,75,1
P2557,Female,CERTIV IT,1,2025,Labasa,410,77,none,none,74,82,69,on time,sponsored,75,1
P2558,Female,CERTIV IT,1,2025,Labasa,410,0,none,none,0,0,62,on time,sponsored,75,1
P2559,Male,CERTIV IT,1,2025,Labasa,410,80,none,none,74,0,85,on time,sponsored,75,1
P2560,Male,CERTIV IT,1,2025,Labasa,410,0,none,none,73,68,87,on time,sponsored,75,1
P2561,Female,CERTIV IT,1,2025,Labasa,410,55,none,none,74,0,0,late submission,sponsored,75,0
P2562,Female,CERTIV IT,1,2025,Labasa,410,0,none,none,0,0,0,late submission,sponsored,75,0
P2563,Female,CERTIV IT,1,2025,Labasa,410,60,none,none,75,0,78,late submission,sponsored,72,0
P2564,Female,CERTIV IT,1,2025,Labasa,410,0,none,none,0,0,0,late submission,sponsored,55,0
P2565,Female,CERTIV IT,1,2025,Labasa,410,70,none,none,72,82,72,on time,sponsored,75,1
P2566,Female,CERTIV IT,1,2025,Labasa,410,60,none,none,80,90,78,on time,sponsored,75,1
P2567,Female,CERTIV IT,1,2025,Labasa,410,0,none,none,0,0,61,late submission,sponsored,54,0
P2568,Female,CERTIV IT,1,2025,Labasa,410,49,none,none,78,0,72,late submission,sponsored,50,0
P2569,Male,CERTIV IT,1,2025,Labasa,410,0,none,none,67,0,0,late submission,sponsored,75,0
P2570,Male,CERTIV IT,1,2025,Labasa,410,75,none,none,64,0,74,late submission,sponsored,75,0
P2571,Male,CERTIV IT,1,2025,Labasa,410,0,none,none,0,0,0,late submission,private,70,0
P2572,Female,CERTIV IT,1,2025,Labasa,410,60,none,none,65,0,0,late submission,sponsored,75,0
P2573,Female,CERTIV IT,1,2025,Labasa,410,69,none,none,74,0,84,on time,sponsored,75,1
P2574,Male,CERTIV IT,1,2025,Labasa,410,74,none,none,85,0,74,on time,sponsored,75,1
P2575,Female,CERTIV IT,1,2025,Labasa,410,64,none,none,73,71,80,on time,sponsored,75,1
P2576,Male,CERTIV IT,1,2025,Labasa,410,74,none,none,79,67,81,on time,sponsored,75,1
P2577,Male,CERTIV IT,1,2025,Labasa,410,54,none,none,50,72,70,on time,sponsored,75,1
P2578,Male,CERTIV IT,1,2025,Labasa,410,0,none,none,70,0,67,on time,sponsored,75,1
P2579,Female,CERTIV IT,1,2025,Labasa,410,65,none,none,74,0,70,on time,sponsored,75,1
P2580,Female,CERTIV IT,1,2025,Labasa,410,64,none,none,83,0,81,on time,sponsored,75,1
P2581,Female,CERTIV IT,1,2025,Labasa,410,0,none,none,74,0,73,on time,sponsored,75,1
P2582,Male,CERTIV IT,1,2025,Labasa,410,77,none,none,80,0,75,on time,sponsored,75,1
P2583,Male,CERTIV IT,1,2025,Labasa,410,54,none,none,80,70,82,on time,sponsored,75,1
P2584,Male,CERTIV IT,1,2025,Labasa,410,58,none,none,72,0,67,on time,sponsored,75,1
P2585,Male,CERTIV IT,1,2025,Labasa,410,10,none,none,60,75,75,on time,sponsored,75,1
P2586,Male,CERTIV IT,1,2025,Labasa,410,64,none,none,68,64,75,on time,sponsored,75,1
P2587,Female,CERTIV IT,1,2025,Labasa,410,55,none,none,80,0,81,on time,sponsored,75,1
P2588,Female,CERTIV IT,1,2025,Labasa,410,59,none,none,73,0,0,late submission,private,75,0
P2589,Male,CERTIV IT,1,2025,Labasa,410,52,none,none,0,0,0,late submission,sponsored,75,0
P2590,Male,CERTIV IT,1,2025,Labasa,410,60,none,none,70,0,65,on time,sponsored,75,1
P2591,Male,CERTIV IT,1,2025,Labasa,410,0,none,none,84,0,0,late submission,sponsored,75,0
P2592,Female,CERTIV IT,1,2025,Labasa,410,65,none,none,80,85,76,on time,sponsored,75,1
P2593,Male,CERTIV IT,1,2025,Labasa,410,0,none,none,74,0,0,late submission,sponsored,45,0
P2594,Female,CERTIV IT,1,2025,Labasa,410,50,none,none,82,0,82,on time,sponsored,75,1
P2595,Female,CERTIV IT,1,2025,Labasa,410,70,none,none,72,0,81,on time,private,75,1
P2596,Female,CERTIV IT,1,2025,Labasa,410,54,none,none,82,74,79,on time,sponsored,75,1
P2597,Male,CERTIV IT,1,2025,Labasa,410,0,none,none,65,0,75,on time,sponsored,75,1
P2598,Female,CERTIV IT,1,2025,Labasa,410,0,none,none,0,0,0,late submission,sponsored,45,0
P2599,Female,CERTIV IT,1,2025,Labasa,410,0,none,none,0,0,0,late submission,private,46,0
P2600,Female,CERTIV IT,1,2025,Labasa,410,52,none,none,73,90,0,on time,sponsored,75,1
P2601,Female,CERTIV IT,1,2025,Labasa,410,40,none,none,64,0,0,late submission,sponsored,75,0
P2602,Female,CERTIV IT,1,2025,Labasa,410,74,none,none,74,79,80,on time,sponsored,75,1
P2603,Female,CERTIV IT,1,2025,Labasa,411,70,none,38,0,none,84,on time,private,75,1
P2604,Male,CERTIV IT,1,2025,Labasa,411,84,none,43,88,none,92,on time,private,75,1
P2605,Male,CERTIV IT,1,2025,Labasa,411,83,none,44,87,none,86,on time,private,75,1
P2606,Male,CERTIV IT,1,2025,Labasa,411,0,none,44,87,none,0,on time,private,75,1
P2607,Male,CERTIV IT,1,2025,Labasa,411,83,none,40,88,none,86,on time,private,75,1
P2608,Female,CERTIV IT,1,2025,Labasa,411,85,none,43,93,none,90,on time,private,75,1
P2609,Female,CERTIV IT,1,2025,Labasa,411,85,none,42,93,none,86,on time,private,75,1
P2610,Female,CERTIV IT,1,2025,Labasa,411,87,none,46,93,none,92,on time,private,75,1
P2611,Female,CERTIV IT,1,2025,Labasa,411,0,none,0,0,none,0,late submission,private,0,0
P2612,Female,CERTIV IT,1,2025,Labasa,411,81,none,32,87,none,79,on time,private,75,1
P2613,Female,CERTIV IT,1,2025,Labasa,411,84,none,39,89,none,85,on time,private,75,1
P2614,Female,CERTIV IT,1,2025,Labasa,411,77,none,34,88,none,83,on time,private,75,1
P2615,Male,CERTIV IT,1,2025,Labasa,411,0,none,24,0,none,0,late submission,private,0,0
P2616,Female,BIS,1,2025,Labasa,501,80,none,none,70,70,79,on time,sponsored,75,1
P2617,Female,BIS,1,2025,Labasa,501,0,none,none,0,0,0,late submission,sponsored,0,0
P2618,Male,BIS,1,2025,Labasa,501,79,none,none,0,0,0,late submission,sponsored,0,0
P2619,Male,BIS,1,2025,Labasa,501,87,none,none,70,69,88,on time,sponsored,75,1
P2620,Female,BIS,1,2025,Labasa,501,82,none,none,0,68,74,on time,sponsored,75,1
P2621,Female,BIS,1,2025,Labasa,501,83,none,none,0,0,0,late submission,sponsored,75,0
P2622,Female,BIS,1,2025,Labasa,501,0,none,none,65,0,0,late submission,sponsored,45,0
P2623,Female,BIS,1,2025,Labasa,501,85,none,none,67,0,0,late submission,sponsored,50,0
P2624,Male,BIS,1,2025,Labasa,501,85,none,none,70,80,85,on time,sponsored,75,1
P2625,Male,BIS,1,2025,Labasa,501,84,none,none,71,0,0,late submission,sponsored,75,0
P2626,Female,BIS,1,2025,Labasa,501,0,none,none,0,68,80,on time,sponsored,75,1
P2627,Male,BIS,1,2025,Labasa,501,78,none,none,64,77,81,on time,sponsored,75,1
P2628,Male,BIS,1,2025,Labasa,501,84,none,none,65,77,82,on time,sponsored,75,1
P2629,Male,BIS,1,2025,Labasa,501,78,none,none,0,0,72,late submission,sponsored,70,0
P2630,Male,BIS,1,2025,Labasa,501,90,none,none,74,82,84,on time,sponsored,75,1
P2631,Male,BIS,1,2025,Labasa,501,84,none,none,68,75,90,on time,sponsored,75,1
P2632,Female,BIS,1,2025,Labasa,501,65,none,none,68,74,0,late submission,sponsored,75,0
P2633,Female,BIS,1,2025,Labasa,501,82,none,none,65,73,87,on time,sponsored,75,1
P2634,Female,BIS,1,2025,Labasa,501,92,none,none,75,68,88,on time,sponsored,75,1
P2635,Female,BIS,1,2025,Labasa,501,0,none,none,0,0,0,late submission,sponsored,0,0
P2636,Female,BIS,1,2025,Labasa,501,0,none,none,0,0,0,late submission,sponsored,0,0
P2637,Female,BIS,1,2025,Labasa,501,0,none,none,0,0,0,late submission,sponsored,0,0
P2638,Male,BIS,1,2025,Labasa,501,0,none,none,0,0,0,late submission,sponsored,0,0
P2639,Male,BIS,1,2025,Labasa,501,78,none,none,45,68,81,on time,sponsored,75,1
P2640,Female,BIS,1,2025,Labasa,501,0,none,none,0,0,64,late submission,sponsored,70,0
P2641,Female,BIS,1,2025,Labasa,501,79,none,none,67,0,0,late submission,sponsored,75,0
P2642,Male,BIS,1,2025,Labasa,501,64,none,none,72,0,81,late submission,sponsored,75,0
P2643,Female,BIS,1,2025,Labasa,501,64,none,none,62,70,73,on time,sponsored,75,1
P2644,Female,BIS,1,2025,Labasa,501,78,none,none,73,70,67,on time,sponsored,75,1
P2645,Female,BIS,1,2025,Labasa,501,85,none,none,71,69,76,on time,sponsored,75,1
P2646,Female,BIS,1,2025,Labasa,501,67,none,none,0,0,80,late submission,sponsored,70,0
P2647,Male,BIS,1,2025,Labasa,501,91,none,none,71,0,0,late submission,sponsored,55,0
P2648,Female,BIS,1,2025,Labasa,501,83,none,none,69,68,83,on time,sponsored,75,1
P2649,Female,BIS,1,2025,Labasa,501,87,none,none,68,0,0,late submission,sponsored,45,0
P2650,Female,BIS,1,2025,Labasa,501,80,none,none,68,69,85,on time,sponsored,75,1
P2651,Female,BIS,1,2025,Labasa,501,0,none,none,0,0,0,late submission,sponsored,0,0
P2652,Female,BIS,1,2025,Labasa,501,88,none,none,67,70,84,on time,sponsored,75,1
P2653,Male,BIS,1,2025,Labasa,501,80,none,none,63,72,70,on time,sponsored,75,1
P2654,Female,BIS,1,2025,Labasa,501,0,none,none,0,0,0,late submission,sponsored,0,0
P2655,Female,BIS,1,2025,Labasa,501,75,none,none,63,69,67,on time,sponsored,75,1
P2656,Female,BIS,1,2025,Labasa,501,86,none,none,70,83,87,on time,sponsored,75,1
P2657,Female,BIS,1,2025,Labasa,501,86,none,none,70,82,75,on time,sponsored,75,1
P2658,Female,BIS,1,2025,Labasa,501,82,none,none,64,74,74,on time,sponsored,75,1
P2659,Male,BIS,1,2025,Labasa,501,79,none,none,61,69,73,on time,sponsored,75,1
P2660,Female,BIS,1,2025,Labasa,501,84,none,none,0,67,0,late submission,sponsored,0,0
P2661,Male,BIS,1,2025,Labasa,603,68,none,34,none,none,none,on time,sponsored,75,1
P2662,Male,BIS,1,2025,Labasa,603,80,none,40,none,none,none,on time,sponsored,75,1
P2663,Male,BIS,1,2025,Labasa,603,78,none,49,none,none,none,on time,sponsored,75,1
P2664,Male,BIS,1,2025,Labasa,603,0,none,46,none,none,none,on time,sponsored,75,1
P2665,Female,BIS,1,2025,Labasa,603,76,none,47,none,none,none,on time,sponsored,75,1
P2666,Female,BIS,1,2025,Labasa,603,0,none,31,none,none,none,on time,sponsored,75,1
P2667,Female,BIS,1,2025,Labasa,603,85,none,53.56,none,none,none,on time,sponsored,75,1
P2668,Female,BIS,1,2025,Labasa,603,0,none,39,none,none,none,on time,sponsored,75,1
P2669,Female,CERTIV IT,1,2024,Labasa,410,0,none,none,85,0,0,late submission,sponsored,75,0
P2670,Female,CERTIV IT,1,2024,Labasa,410,0,none,none,0,0,0,late submission,sponsored,0,0
P2671,Male,CERTIV IT,1,2024,Labasa,410,0,none,none,75,84,0,late submission,sponsored,75,0
P2672,Male,CERTIV IT,1,2024,Labasa,410,70,none,none,0,90,83,on time,sponsored,75,1
P2673,Male,CERTIV IT,1,2024,Labasa,410,70,none,none,76,0,85,on time,sponsored,75,1
P2674,Male,CERTIV IT,1,2024,Labasa,410,77,none,none,85,85,85,on time,sponsored,75,1
P2675,Male,CERTIV IT,1,2024,Labasa,410,74,none,none,83,0,89,on time,sponsored,75,1
P2676,Male,CERTIV IT,1,2024,Labasa,410,90,none,none,65,84,64,on time,sponsored,75,1
P2677,Female,CERTIV IT,1,2024,Labasa,410,60,none,none,86,84,87,on time,sponsored,75,1
P2678,Male,CERTIV IT,1,2024,Labasa,410,75,none,none,0,0,0,late submission,sponsored,75,0
P2679,Female,CERTIV IT,1,2024,Labasa,410,0,none,none,78,94,74,on time,sponsored,75,1
P2680,Male,CERTIV IT,1,2024,Labasa,410,90,none,none,0,0,0,late submission,sponsored,75,0
P2681,Male,CERTIV IT,1,2024,Labasa,410,0,none,none,0,0,0,late submission,sponsored,0,0
P2682,Female,CERTIV IT,1,2024,Labasa,410,0,none,none,0,0,0,late submission,sponsored,0,0
P2683,Male,CERTIV IT,1,2024,Labasa,410,50,none,none,0,0,0,late submission,sponsored,75,0
P2684,Male,CERTIV IT,1,2024,Labasa,410,0,none,none,75,74,60,on time,sponsored,75,1
P2685,Male,CERTIV IT,1,2024,Labasa,410,81,none,none,70,0,92,late submission,sponsored,75,0
P2686,Male,CERTIV IT,1,2024,Labasa,410,60,none,none,80,0,0,late submission,sponsored,75,0
P2687,Male,CERTIV IT,1,2024,Labasa,410,70,none,none,80,90,88,on time,sponsored,75,1
P2688,Male,CERTIV IT,1,2024,Labasa,410,70,none,none,78,64,0,on time,sponsored,75,1
P2689,Male,CERTIV IT,1,2024,Labasa,410,68,none,none,81,85,90,on time,sponsored,75,1
P2690,Female,CERTIV IT,1,2024,Labasa,410,89,none,none,0,0,0,late submission,sponsored,75,0
P2691,Female,CERTIV IT,1,2024,Labasa,410,0,none,none,0,0,0,late submission,sponsored,0,0
P2692,Female,CERTIV IT,1,2024,Labasa,410,0,none,none,79,0,0,late submission,sponsored,75,0
P2693,Male,CERTIV IT,1,2024,Labasa,410,60,none,none,82,0,65,late submission,sponsored,75,0
P2694,Male,CERTIV IT,1,2024,Labasa,410,75,none,none,78,0,0,late submission,sponsored,75,0
P2695,Male,CERTIV IT,1,2024,Labasa,410,70,none,none,83,0,86,on time,sponsored,75,1
P2696,Female,CERTIV IT,1,2024,Labasa,410,80,none,none,70,0,0,late submission,sponsored,75,0
P2697,Female,CERTIV IT,1,2024,Labasa,410,0,none,none,80,70,68,on time,sponsored,75,1
P2698,Female,CERTIV IT,1,2024,Labasa,410,60,none,none,0,0,0,late submission,sponsored,75,0
P2699,Female,CERTIV IT,1,2024,Labasa,410,0,none,none,0,0,0,late submission,sponsored,0,0
P2700,Male,CERTIV IT,1,2024,Labasa,410,0,none,none,0,0,0,late submission,sponsored,0,0
P2701,Female,CERTIV IT,1,2024,Labasa,410,0,none,none,74,0,81,on time,sponsored,75,1
P2702,Female,CERTIV IT,1,2024,Labasa,410,70,none,none,75,0,0,on time,sponsored,75,1
P2703,Female,CERTIV IT,1,2024,Labasa,410,70,none,none,74,0,0,late submission,sponsored,75,0
P2704,Female,CERTIV IT,1,2024,Labasa,410,75,none,none,0,0,0,late submission,sponsored,75,0
P2705,Female,CERTIV IT,1,2024,Labasa,410,0,none,none,79,65,75,on time,sponsored,75,1
P2706,Female,CERTIV IT,1,2024,Labasa,410,0,none,none,83,0,0,late submission,sponsored,75,0
P2707,Female,CERTIV IT,1,2024,Labasa,410,70,none,none,0,0,0,late submission,sponsored,75,0
P2708,Female,CERTIV IT,1,2024,Labasa,410,0,none,none,0,0,0,late submission,sponsored,0,0
P2709,Female,CERTIV IT,1,2024,Labasa,410,0,none,none,0,0,0,late submission,sponsored,0,1
P2710,Female,CERTIV IT,1,2024,Labasa,410,0,none,none,0,0,0,late submission,sponsored,0,0
P2711,Female,CERTIV IT,1,2024,Labasa,410,0,none,none,80,72,70,on time,sponsored,75,1
P2712,Female,CERTIV IT,1,2024,Labasa,410,60,none,none,82,85,75,on time,sponsored,75,1
P2713,Female,CERTIV IT,1,2024,Labasa,410,82,none,none,78,68,65,on time,sponsored,75,1
P2714,Female,CERTIV IT,1,2024,Labasa,410,54,none,none,84,0,0,late submission,sponsored,75,0
P2715,Female,CERTIV IT,1,2024,Labasa,410,90,none,none,84,85,81,on time,sponsored,75,1
P2716,Female,CERTIV IT,1,2024,Labasa,410,95,none,none,80,90,90,on time,sponsored,75,1
P2717,Male,CERTIV IT,1,2024,Labasa,410,68,none,none,79,0,0,late submission,sponsored,75,0
P2718,Female,CERTIV IT,1,2024,Labasa,410,74,none,none,82,86,75,on time,sponsored,75,1
P2719,Female,CERTIV IT,1,2024,Labasa,410,89,none,none,92,90,85,on time,sponsored,75,1
P2720,Female,CERTIV IT,1,2024,Labasa,410,90,none,none,85,74,74,on time,sponsored,75,1
P2721,Female,CERTIV IT,1,2024,Labasa,410,70,none,none,75,0,85,late submission,sponsored,75,0
P2722,Female,CERTIV IT,1,2024,Labasa,410,60,none,none,86,0,0,late submission,sponsored,75,0
P2723,Female,CERTIV IT,1,2024,Labasa,410,70,none,none,85,0,0,late submission,sponsored,75,0
P2724,Female,CERTIV IT,1,2024,Labasa,410,79,none,none,50,64,0,late submission,sponsored,75,0
P2725,Female,CERTIV IT,1,2024,Labasa,410,70,none,none,80,0,74,late submission,sponsored,75,0
P2726,Female,CERTIV IT,1,2024,Labasa,410,60,none,none,60,0,87,late submission,sponsored,75,0
P2727,Male,CERTIV IT,1,2024,Labasa,410,74,none,none,0,0,0,late submission,sponsored,75,0
P2728,Male,CERTIV IT,1,2024,Labasa,410,0,none,none,60,0,0,late submission,sponsored,75,0
P2729,Female,CERTIV IT,1,2024,Labasa,410,60,none,none,74,0,0,late submission,sponsored,75,0
P2730,Female,CERTIV IT,1,2024,Labasa,410,55,none,none,89,0,0,late submission,sponsored,75,0
P2731,Female,CERTIV IT,1,2024,Labasa,410,79,none,none,0,94,88,on time,sponsored,75,1
P2732,Female,CERTIV IT,1,2024,Labasa,410,80,none,none,0,0,0,late submission,sponsored,75,0
P2733,Female,CERTIV IT,1,2024,Labasa,410,70,none,none,82,85,85,on time,sponsored,75,1
P2734,Female,CERTIV IT,1,2024,Labasa,410,65,none,none,0,0,0,late submission,sponsored,75,0
P2735,Female,CERTIV IT,1,2024,Labasa,410,80,none,none,75,0,0,late submission,sponsored,75,0
P2736,Female,CERTIV IT,1,2024,Labasa,410,70,none,none,80,68,75,on time,sponsored,75,1
P2737,Male,CERTIV IT,1,2024,Labasa,410,0,none,none,0,0,0,late submission,sponsored,0,0
P2738,Male,CERTIV IT,1,2024,Labasa,410,0,none,none,75,81,64,on time,sponsored,75,1
P2739,Male,CERTIV IT,1,2024,Labasa,410,87,none,none,82,0,85,on time,sponsored,75,1
P2740,Female,CERTIV IT,1,2024,Labasa,410,0,none,none,76,0,0,late submission,sponsored,0,0
P2741,Female,CERTIV IT,1,2024,Labasa,410,60,none,none,85,85,72,on time,sponsored,75,1
P2742,Male,CERTIV IT,1,2024,Labasa,410,60,none,none,79,0,0,on time,sponsored,75,1
P2743,Female,CERTIV IT,1,2024,Labasa,410,0,none,none,81,0,84,on time,sponsored,75,1
P2744,Male,CERTIV IT,1,2024,Labasa,410,0,none,none,86,70,80,late submission,sponsored,75,0
P2745,Male,CERTIV IT,1,2024,Labasa,410,80,none,none,80,70,78,on time,sponsored,75,1
P2746,Male,CERTIV IT,1,2024,Labasa,410,70,none,none,85,0,0,late submission,sponsored,75,0
P2747,Female,CERTIV IT,1,2024,Labasa,410,67,none,none,82,70,80,on time,sponsored,75,1
P2748,Female,CERTIV IT,1,2024,Labasa,410,60,none,none,0,0,0,late submission,sponsored,0,0
P2749,Female,CERTIV IT,1,2024,Labasa,410,0,none,none,0,0,0,late submission,sponsored,0,0
P2750,Male,CERTIV IT,1,2024,Labasa,410,0,none,none,80,84,64,on time,sponsored,75,1
P2751,Male,CERTIV IT,1,2024,Labasa,410,80,none,none,75,0,0,late submission,sponsored,75,0
P2752,Male,CERTIV IT,1,2024,Labasa,410,60,none,none,80,70,70,on time,sponsored,75,1
P2753,Male,CERTIV IT,1,2024,Labasa,410,60,none,none,79,0,78,on time,sponsored,75,1
P2754,Male,CERTIV IT,1,2024,Labasa,410,64,none,none,75,0,0,late submission,sponsored,75,0
P2755,Female,CERTIV IT,1,2024,Labasa,410,70,none,none,0,0,0,late submission,sponsored,75,0
P2756,Female,CERTIV IT,1,2024,Labasa,410,0,none,none,82,65,70,on time,sponsored,75,1
P2757,Male,CERTIV IT,1,2024,Labasa,410,0,none,none,65,0,80,on time,sponsored,75,1
P2758,Male,CERTIV IT,1,2024,Labasa,410,74,none,none,82,0,89,on time,sponsored,75,1
P2759,Male,CERTIV IT,1,2024,Labasa,410,62,none,none,84,0,87,on time,sponsored,75,1
P2760,Female,CERTIV IT,1,2024,Labasa,410,70,none,none,0,0,0,late submission,sponsored,75,0
P2761,Male,CERTIV IT,1,2024,Labasa,410,0,none,none,89,0,85,late submission,sponsored,75,0
P2762,Female,CERTIV IT,1,2024,Labasa,410,74,none,none,81,0,0,on time,sponsored,0,1
P2763,Female,CERTIV IT,1,2024,Labasa,410,70,none,none,0,0,0,on time,sponsored,0,1
P2764,Female,CERTIV IT,1,2024,Labasa,410,0,none,none,85,74,70,on time,sponsored,75,1
P2765,Male,CERTIV IT,1,2024,Labasa,410,0,none,none,70,60,60,on time,sponsored,75,1
P2766,Female,CERTIV IT,1,2024,Labasa,410,0,none,none,70,60,60,on time,sponsored,75,1
P2767,Male,CERTIV IT,1,2024,Labasa,411,0,none,0,0,0,none,late submission,private,0,0
P2768,Female,CERTIV IT,1,2024,Labasa,411,78,none,44,50,0,none,on time,private,75,1
P2769,Female,CERTIV IT,1,2024,Labasa,411,77,none,36,70,0,none,on time,private,75,1
P2770,Male,CERTIV IT,1,2024,Labasa,411,74,none,37,70,0,none,on time,private,75,1
P2771,Female,CERTIV IT,1,2024,Labasa,411,78,none,42,100,77,none,on time,private,75,1
P2772,Female,CERTIV IT,1,2024,Labasa,411,79,none,39,100,84,none,on time,private,75,1
P2773,Male,CERTIV IT,1,2024,Labasa,411,74,none,40,70,0,none,late submission,private,75,0
P2774,Male,CERTIV IT,1,2024,Labasa,411,76,none,31,50,0,none,late submission,private,75,0
P2775,Female,BIS,1,2024,Labasa,501,none,0,none,0,0,0,late submission,sponsored,0,0
P2776,Female,BIS,1,2024,Labasa,501,none,57,none,66,0,85,on time,sponsored,75,1
P2777,Female,BIS,1,2024,Labasa,501,none,80,none,83,0,85,on time,sponsored,75,1
P2778,Female,BIS,1,2024,Labasa,501,none,0,none,0,0,0,late submission,sponsored,0,0
P2779,Male,BIS,1,2024,Labasa,501,none,0,none,82,0,0,late submission,sponsored,75,0
P2780,Male,BIS,1,2024,Labasa,501,none,0,none,0,0,0,late submission,sponsored,0,0
P2781,Male,BIS,1,2024,Labasa,501,none,87,none,89,0,0,late submission,sponsored,75,0
P2782,Male,BIS,1,2024,Labasa,501,none,89,none,86,0,0,late submission,sponsored,75,0
P2783,Male,BIS,1,2024,Labasa,501,none,0,none,78,0,0,late submission,sponsored,75,0
P2784,Male,BIS,1,2024,Labasa,501,none,72,none,80,0,0,late submission,sponsored,75,0
P2785,Female,BIS,1,2024,Labasa,501,none,97,none,92,0,83,on time,sponsored,75,1
P2786,Male,BIS,1,2024,Labasa,501,none,84,none,80,71,86,on time,sponsored,75,1
P2787,Female,BIS,1,2024,Labasa,501,none,75,none,85,0,86,on time,sponsored,75,1
P2788,Male,BIS,1,2024,Labasa,501,none,0,none,0,0,0,late submission,private,0,0
P2789,Male,BIS,1,2024,Labasa,501,none,84,none,68,73,60,on time,sponsored,75,1
P2790,Female,BIS,1,2024,Labasa,501,none,0,none,0,0,0,late submission,private,0,0
P2791,Male,BIS,1,2024,Labasa,501,none,75,none,80,67,78,on time,sponsored,75,1
P2792,Male,BIS,1,2024,Labasa,501,none,56,none,0,0,61,late submission,sponsored,75,0
P2793,Male,BIS,1,2024,Labasa,501,none,0,none,85,0,0,late submission,private,75,0
P2794,Male,BIS,1,2024,Labasa,501,none,76,none,79,60,0,on time,sponsored,75,1
P2795,Male,BIS,1,2024,Labasa,501,none,90,none,84,0,82,on time,sponsored,75,1
P2796,Male,BIS,1,2024,Labasa,501,none,82,none,68,0,0,on time,private,75,1
P2797,Male,BIS,1,2024,Labasa,501,none,84,none,86,72,80,on time,sponsored,75,1
P2798,Female,BIS,1,2024,Labasa,501,none,73,none,74,68,0,on time,private,75,1
P2799,Female,BIS,1,2024,Labasa,501,none,84,none,74,70,85,on time,sponsored,75,1
P2800,Female,BIS,1,2024,Labasa,501,none,95,none,89,0,82,on time,private,75,1
P2801,Female,BIS,1,2024,Labasa,501,none,71,none,57,0,0,late submission,private,75,0
P2802,Male,BIS,1,2024,Labasa,501,none,0,none,0,0,0,late submission,private,0,0
P2803,Male,BIS,1,2024,Labasa,501,none,83,none,70,70,62,on time,sponsored,75,1
P2804,Male,BIS,1,2024,Labasa,501,none,78,none,76,0,0,late submission,private,75,0
P2805,Male,BIS,1,2024,Labasa,501,none,0,none,0,0,0,late submission,private,0,0
P2806,Male,BIS,1,2024,Labasa,501,none,0,none,78,0,0,late submission,private,0,0
P2807,Male,BIS,1,2024,Labasa,501,none,94,none,84,65,89,on time,sponsored,75,1
P2808,Female,BIS,1,2024,Labasa,501,none,0,none,55,0,0,late submission,sponsored,75,0
P2809,Male,BIS,1,2024,Labasa,501,none,58,none,80,0,70,on time,sponsored,75,1
P2810,Female,BIS,1,2024,Labasa,501,none,0,none,0,0,0,late submission,private,75,0
P2811,Male,BIS,1,2024,Labasa,501,none,57,none,55,65,82,on time,sponsored,75,1
P2812,Male,PGDIPIT,1,2025,Nasinu,811,83,none,47.5,none,none,none,on time,private,75,1
P2813,Female,PGDIPIT,1,2025,Nasinu,811,80,none,47,none,none,none,on time,private,75,1
P2814,Male,PGDIPIT,1,2025,Nasinu,811,82,none,41,none,none,none,on time,private,75,1
P2815,Male,PGDIPIT,1,2025,Nasinu,811,83,none,37.5,none,none,none,on time,private,75,1
P2816,Male,PGDIPIT,1,2025,Nasinu,811,80,none,48,none,none,none,on time,private,75,1
P2817,Male,PGDIPIT,1,2025,Nasinu,811,86,none,none,none,none,none,late submission,private,75,0
P2818,Male,PGDIPIT,1,2025,Nasinu,811,86,none,50,none,none,none,on time,private,75,1
P2819,Male,PGDIPIT,1,2025,Nasinu,811,none,none,none,none,none,none,late submission,private,75,0
P2820,Male,PGDIPIT,1,2025,Nasinu,811,82,none,45.5,none,none,none,on time,private,75,1
P2821,Male,PGDIPIT,1,2025,Nasinu,811,80,none,51,none,none,none,on time,private,75,1
P2822,Male,PGDIPIT,1,2025,Nasinu,811,82,none,37.5,none,none,none,on time,private,75,1
P2823,Male,PGDIPIT,1,2025,Nasinu,811,80,none,54,none,none,none,on time,private,75,1
P2824,Male,PGDIPIT,1,2025,Nasinu,811,83,none,49.5,none,none,none,on time,private,75,1
P2825,Female,BSc,1,2025,Nasinu,633,98.3,none,46.1,none,none,none,on time,private,75,1
P2826,Male,BSc,1,2025,Nasinu,633,98.3,none,45.8,none,none,none,on time,private,75,1
P2827,Female,BSc,1,2025,Nasinu,633,96.7,none,42.5,none,none,none,on time,private,75,1
P2828,Male,BSc,1,2025,Nasinu,633,98.3,none,40.8,none,none,none,on time,private,75,1
P2829,Male,BSc,1,2025,Nasinu,633,95,none,35.8,none,none,none,on time,private,75,1
P2830,Female,BSc,1,2025,Nasinu,633,90,none,35.8,none,none,none,on time,private,75,1
P2831,Male,BSc,1,2025,Nasinu,633,96.7,none,32.5,none,none,none,on time,private,75,1
P2832,Male,BSc,1,2025,Nasinu,633,90,none,34.2,none,none,none,on time,private,75,1
P2833,Male,BSc,1,2025,Nasinu,633,96.7,none,30.8,none,none,none,on time,private,75,1
P2834,Male,BSc,1,2025,Nasinu,633,96.7,none,29.2,none,none,none,on time,private,75,1
P2835,Male,BSc,1,2025,Nasinu,633,98.3,none,27.5,none,none,none,on time,private,75,1
P2836,Male,BSc,1,2025,Nasinu,633,96.7,none,27.5,none,none,none,on time,private,75,1
P2837,Male,BSc,1,2025,Nasinu,633,73.3,none,35,none,none,none,on time,private,75,1
P2838,Female,BSc,1,2025,Nasinu,633,88.3,none,29.2,none,none,none,on time,private,75,1
P2839,Female,BSc,1,2025,Nasinu,633,96.7,none,25.8,none,none,none,on time,private,75,1
P2840,Female,BSc,1,2025,Nasinu,633,96.7,none,25.8,none,none,none,on time,private,75,1
P2841,Male,BSc,1,2025,Nasinu,633,95,none,25,none,none,none,on time,private,75,1
P2842,Female,BSc,1,2025,Nasinu,633,85,none,27.5,none,none,none,on time,private,75,1
P2843,Male,BSc,1,2025,Nasinu,633,80,none,28.3,none,none,none,on time,private,75,1
P2844,Male,BSc,1,2025,Nasinu,633,68.3,none,28.3,none,none,none,on time,private,75,1
P2845,Female,BSc,1,2025,Nasinu,633,56.7,none,31.7,none,none,none,on time,private,75,1
P2846,Male,BSc,1,2025,Nasinu,633,85,none,20.8,none,none,none,on time,private,75,1
P2847,Male,BSc,1,2025,Nasinu,633,88.3,none,18.3,none,none,none,on time,private,75,1
P2848,Male,BSc,1,2025,Nasinu,633,61.7,none,20.8,none,none,none,on time,private,75,1
P2849,Male,BSc,1,2025,Nasinu,633,0,none,35.8,none,none,none,late submission,private,75,0
P2850,Male,BSc,1,2025,Nasinu,633,55,none,17.5,none,none,none,on time,private,75,1
P2851,Male,BSc,1,2025,Nasinu,633,95,none,0,none,none,none,late submission,private,75,0
P2852,Male,BSc,1,2025,Nasinu,633,0,none,30.8,none,none,none,on time,private,75,1
P2853,Female,BSc,1,2025,Nasinu,633,90,none,0,none,none,none,late submission,private,75,0
P2854,Female,BSc,1,2025,Nasinu,633,0,none,28.3,none,none,none,late submission,private,75,0
P3001,Male,CERTIV IT,1,2021,Labasa,410,68,none,none,66,94,87,on time,sponsored,77,1
P3002,Male,CERTIV IT,1,2021,Labasa,410,95,none,none,72,0,74,on time,sponsored,77,1
P3003,Female,CERTIV IT,2,2021,Labasa,410,44,none,none,27,0,9,late submission,sponsored,0,0
P3004,Male,CERTIV IT,2,2021,Labasa,410,82,none,none,82,76,89,on time,sponsored,82,1
P3005,Male,CERTIV IT,2,2021,Labasa,410,72,none,none,64,62,78,on time,private,79,1
P3006,Male,CERTIV IT,1,2021,Labasa,410,29,none,none,40,0,10,late submission,private,48,0
P3007,Female,CERTIV IT,2,2021,Labasa,410,70,none,none,94,75,89,on time,sponsored,78,1
P3008,Female,CERTIV IT,2,2021,Labasa,410,43,none,none,20,53,14,late submission,sponsored,71,0
P3009,Male,CERTIV IT,2,2021,Labasa,410,80,none,none,73,0,89,on time,sponsored,72,1
P3010,Male,CERTIV IT,2,2021,Labasa,410,87,none,none,85,83,68,on time,private,93,1
P3011,Female,CERTIV IT,1,2021,Labasa,410,40,none,none,10,0,38,late submission,sponsored,14,0
P3012,Male,CERTIV IT,2,2021,Labasa,410,95,none,none,60,0,81,on time,private,84,1
P3013,Male,CERTIV IT,2,2021,Labasa,410,76,none,none,92,71,79,on time,sponsored,84,1
P3014,Male,CERTIV IT,1,2021,Labasa,410,80,none,none,91,61,83,on time,sponsored,75,1
P3015,Female,CERTIV IT,1,2021,Labasa,410,65,none,none,91,64,68,on time,sponsored,98,1
P3016,Female,CERTIV IT,1,2021,Labasa,410,73,none,none,94,0,85,on time,private,97,1
P3017,Female,CERTIV IT,2,2021,Labasa,410,15,none,none,14,0,1,late submission,sponsored,57,0
P3018,Male,CERTIV IT,1,2021,Labasa,410,74,none,none,64,0,64,on time,sponsored,92,1
P3019,Male,CERTIV IT,2,2021,Labasa,410,90,none,none,75,0,72,on time,sponsored,76,1
P3020,Male,CERTIV IT,1,2021,Labasa,410,86,none,none,89,63,63,on time,private,81,1
P3021,Female,CERTIV IT,2,2021,Labasa,410,12,none,none,12,0,8,late submission,sponsored,13,0
P3022,Female,CERTIV IT,1,2021,Labasa,410,88,none,none,95,66,94,on time,sponsored,77,1
P3023,Male,CERTIV IT,1,2021,Labasa,410,26,none,none,31,30,55,late submission,sponsored,30,0
P3024,Female,CERTIV IT,1,2021,Labasa,410,76,none,none,89,0,95,on time,private,70,1
P3025,Female,CERTIV IT,1,2021,Labasa,410,94,none,none,63,80,63,on time,sponsored,76,1
P3026,Female,CERTIV IT,1,2021,Labasa,410,71,none,none,64,64,85,on time,sponsored,86,1
P3027,Male,CERTIV IT,1,2021,Labasa,410,86,none,none,93,0,73,on time,sponsored,71,1
P3028,Female,CERTIV IT,1,2021,Labasa,410,89,none,none,80,64,89,on time,private,74,1
P3029,Male,CERTIV IT,1,2021,Labasa,410,68,none,none,82,64,83,on time,private,86,1
P3030,Female,CERTIV IT,1,2021,Labasa,410,93,none,none,60,0,66,on time,private,87,1
P3031,Male,CERTIV IT,2,2021,Labasa,410,77,none,none,78,0,73,on time,sponsored,73,1
P3032,Female,CERTIV IT,2,2021,Labasa,410,65,none,none,87,77,60,on time,sponsored,99,1
P3033,Female,CERTIV IT,1,2021,Labasa,410,88,none,none,95,87,67,on time,sponsored,78,1
P3034,Male,CERTIV IT,1,2021,Labasa,410,95,none,none,69,87,62,on time,private,96,1
P3035,Female,CERTIV IT,2,2021,Labasa,410,13,none,none,43,15,22,late submission,private,5,0
P3036,Female,CERTIV IT,1,2021,Labasa,410,51,none,none,51,0,1,late submission,sponsored,30,0
P3037,Male,CERTIV IT,2,2021,Labasa,410,17,none,none,10,50,24,late submission,sponsored,52,0
P3038,Male,CERTIV IT,2,2021,Labasa,410,82,none,none,79,74,61,on time,private,96,1
P3039,Male,CERTIV IT,2,2021,Labasa,410,77,none,none,82,0,94,on time,sponsored,97,1
P3040,Female,CERTIV IT,1,2021,Labasa,410,76,none,none,62,0,82,on time,sponsored,78,1
P3041,Female,CERTIV IT,2,2021,Labasa,410,84,none,none,72,76,87,on time,sponsored,86,1
P3042,Male,CERTIV IT,1,2021,Labasa,410,80,none,none,67,0,86,on time,private,72,1
P3043,Female,CERTIV IT,2,2021,Labasa,410,72,none,none,86,84,79,on time,sponsored,87,1
P3044,Female,CERTIV IT,1,2021,Labasa,410,80,none,none,89,0,73,on time,private,76,1
P3045,Female,CERTIV IT,1,2021,Labasa,410,65,none,none,75,79,72,on time,private,79,1
P3046,Male,CERTIV IT,1,2021,Labasa,410,89,none,none,86,0,91,on time,sponsored,85,1
P3047,Female,CERTIV IT,1,2021,Labasa,410,66,none,none,87,74,93,on time,sponsored,92,1
P3048,Female,CERTIV IT,1,2021,Labasa,410,89,none,none,68,0,88,on time,sponsored,99,1
P3049,Female,CERTIV IT,2,2021,Labasa,410,16,none,none,48,0,49,late submission,private,60,0
P3050,Female,CERTIV IT,1,2021,Labasa,410,75,none,none,77,0,94,on time,private,72,1
P3051,Male,CERTIV IT,1,2021,Labasa,410,73,none,none,64,0,81,on time,sponsored,82,1
P3052,Female,CERTIV IT,2,2021,Labasa,410,84,none,none,61,0,60,on time,private,96,1
P3053,Female,CERTIV IT,2,2021,Labasa,410,31,none,none,14,0,31,late submission,sponsored,53,0
P3054,Male,CERTIV IT,2,2021,Labasa,410,70,none,none,89,68,85,on time,private,91,1
P3055,Male,CERTIV IT,1,2021,Labasa,410,71,none,none,63,0,80,on time,private,74,1
P3056,Male,CERTIV IT,2,2021,Labasa,410,77,none,none,86,76,90,on time,private,94,1
P3057,Male,CERTIV IT,1,2021,Labasa,410,41,none,none,4,49,48,late submission,sponsored,44,0
P3058,Male,CERTIV IT,1,2021,Labasa,410,75,none,none,68,90,73,on time,sponsored,70,1
P3059,Female,CERTIV IT,2,2021,Labasa,410,49,none,none,52,0,6,late submission,sponsored,21,0
P3060,Male,CERTIV IT,2,2021,Labasa,410,85,none,none,72,64,66,on time,private,99,1
P3061,Female,DIT,1,2021,Labasa,411,22,none,34,27,none,42,late submission,sponsored,72,0
P3062,Female,DIT,1,2021,Labasa,411,86,none,91,66,none,87,on time,sponsored,80,1
P3063,Female,DIT,2,2021,Labasa,411,93,none,77,94,none,90,on time,sponsored,83,1
P3064,Female,DIT,2,2021,Labasa,411,20,none,54,15,none,53,late submission,private,75,0
P3065,Male,DIT,2,2021,Labasa,411,36,none,39,42,none,24,late submission,private,31,0
P3066,Female,DIT,1,2021,Labasa,411,91,none,73,82,none,76,on time,sponsored,80,1
P3067,Female,DIT,2,2021,Labasa,411,33,none,12,5,none,15,late submission,sponsored,35,0
P3068,Female,DIT,2,2021,Labasa,411,91,none,88,61,none,65,on time,private,77,1
P3069,Female,DIT,1,2021,Labasa,411,83,none,90,95,none,93,on time,private,77,1
P3070,Female,DIT,2,2021,Labasa,411,22,none,44,29,none,17,late submission,private,70,0
P3071,Female,DIT,2,2021,Labasa,411,80,none,67,94,none,71,on time,sponsored,93,1
P3072,Male,DIT,1,2021,Labasa,411,66,none,72,78,none,74,on time,private,78,1
P3073,Female,DIT,1,2021,Labasa,411,77,none,62,63,none,95,on time,sponsored,92,1
P3074,Female,DIT,1,2021,Labasa,411,66,none,60,78,none,90,on time,private,94,1
P3075,Female,DIT,2,2021,Labasa,411,76,none,90,67,none,64,on time,sponsored,100,1
P3076,Female,DIT,2,2021,Labasa,411,69,none,69,79,none,65,on time,sponsored,90,1
P3077,Male,DIT,1,2021,Labasa,411,93,none,84,88,none,88,on time,sponsored,83,1
P3078,Female,DIT,2,2021,Labasa,411,66,none,73,73,none,76,on time,sponsored,89,1
P3079,Male,DIT,1,2021,Labasa,411,70,none,60,86,none,88,on time,sponsored,87,1
P3080,Female,DIT,2,2021,Labasa,411,89,none,64,74,none,76,on time,private,79,1
P3081,Male,DIT,2,2021,Labasa,411,77,none,69,64,none,63,on time,sponsored,77,1
P3082,Male,DIT,2,2021,Labasa,411,88,none,67,89,none,79,on time,private,96,1
P3083,Female,DIT,2,2021,Labasa,411,65,none,62,87,none,80,on time,private,85,1
P3084,Female,DIT,1,2021,Labasa,411,77,none,62,71,none,90,on time,sponsored,100,1
P3085,Female,DIT,2,2021,Labasa,411,91,none,65,90,none,82,on time,private,88,1
P3086,Female,DIT,2,2021,Labasa,411,81,none,86,91,none,78,on time,sponsored,73,1
P3087,Female,DIT,1,2021,Labasa,411,80,none,67,85,none,92,on time,private,80,1
P3088,Male,DIT,2,2021,Labasa,411,91,none,88,63,none,73,on time,private,76,1
P3089,Female,DIT,1,2021,Labasa,411,7,none,1,40,none,38,late submission,private,56,0
P3090,Male,DIT,1,2021,Labasa,411,65,none,74,67,none,89,on time,private,70,1
P3091,Male,DIT,1,2021,Labasa,411,92,none,77,86,none,90,on time,private,92,1
P3092,Female,DIT,1,2021,Labasa,411,72,none,92,68,none,64,on time,private,74,1
P3093,Female,DIT,2,2021,Labasa,411,60,none,78,79,none,91,on time,private,95,1
P3094,Male,DIT,2,2021,Labasa,411,95,none,94,84,none,89,on time,private,81,1
P3095,Female,DIT,1,2021,Labasa,411,14,none,54,49,none,26,late submission,private,30,0
P3096,Male,DIT,2,2021,Labasa,411,84,none,69,91,none,62,on time,private,92,1
P3097,Male,DIT,2,2021,Labasa,411,33,none,29,0,none,46,late submission,sponsored,56,0
P3098,Male,DIT,2,2021,Labasa,411,30,none,50,16,none,21,late submission,sponsored,19,0
P3099,Female,DIT,1,2021,Labasa,411,20,none,40,45,none,48,late submission,private,68,0
P3100,Female,DIT,1,2021,Labasa,411,74,none,65,87,none,66,on time,private,77,1
P3101,Male,DIT,2,2021,Labasa,411,62,none,80,63,none,78,on time,sponsored,79,1
P3102,Female,DIT,2,2021,Labasa,411,71,none,70,71,none,65,on time,private,77,1
P3103,Female,DIT,1,2021,Labasa,411,74,none,89,76,none,89,on time,sponsored,88,1
P3104,Female,DIT,1,2021,Labasa,411,43,none,34,10,none,4,late submission,private,59,0
P3105,Female,DIT,2,2021,Labasa,411,44,none,16,29,none,54,late submission,private,38,0
P3106,Female,DIT,1,2021,Labasa,411,15,none,24,36,none,22,late submission,sponsored,61,0
P3107,Female,DIT,2,2021,Labasa,411,77,none,60,63,none,91,on time,private,96,1
P3108,Female,DIT,1,2021,Labasa,411,72,none,76,68,none,66,on time,sponsored,81,1
P3109,Male,DIT,2,2021,Labasa,411,46,none,8,5,none,18,late submission,private,4,0
P3110,Female,DIT,2,2021,Labasa,411,93,none,92,77,none,70,on time,private,74,1
P3111,Female,DIT,2,2021,Labasa,411,51,none,7,29,none,4,late submission,private,37,0
P3112,Male,DIT,1,2021,Labasa,411,5,none,50,25,none,0,late submission,private,50,0
P3113,Female,DIT,1,2021,Labasa,411,84,none,83,66,none,74,on time,private,91,1
P3114,Female,DIT,1,2021,Labasa,411,74,none,64,89,none,79,on time,private,100,1
P3115,Female,DIT,1,2021,Labasa,411,79,none,91,67,none,66,on time,sponsored,100,1
P3116,Male,DIT,1,2021,Labasa,411,69,none,86,66,none,91,on time,private,81,1
P3117,Female,DIT,2,2021,Labasa,411,88,none,88,75,none,83,on time,sponsored,81,1
P3118,Male,DIT,2,2021,Labasa,411,63,none,85,77,none,72,on time,private,90,1
P3119,Male,DIT,2,2021,Labasa,411,63,none,81,75,none,68,on time,sponsored,76,1
P3120,Male,DIT,1,2021,Labasa,411,37,none,13,52,none,55,late submission,sponsored,70,0
P3121,Male,DIT,2,2021,Labasa,413,54,9,8,34,none,none,late submission,private,0,0
P3122,Female,DIT,1,2021,Labasa,413,68,60,82,75,none,none,on time,sponsored,97,1
P3123,Female,DIT,1,2021,Labasa,413,86,93,67,64,none,none,on time,sponsored,71,1
P3124,Female,DIT,2,2021,Labasa,413,28,32,14,39,none,none,late submission,sponsored,65,0
P3125,Male,DIT,2,2021,Labasa,413,63,90,85,87,none,none,on time,sponsored,100,1
P3126,Male,DIT,2,2021,Labasa,413,65,80,69,64,none,none,on time,sponsored,84,1
P3127,Male,DIT,2,2021,Labasa,413,84,93,78,89,none,none,on time,private,88,1
P3128,Female,DIT,1,2021,Labasa,413,27,28,14,26,none,none,late submission,sponsored,14,0
P3129,Female,DIT,2,2021,Labasa,413,80,87,80,76,none,none,on time,sponsored,93,1
P3130,Female,DIT,1,2021,Labasa,413,65,65,65,87,none,none,on time,sponsored,85,1
P3131,Male,DIT,2,2021,Labasa,413,37,35,35,21,none,none,late submission,sponsored,71,0
P3132,Male,DIT,2,2021,Labasa,413,63,78,79,82,none,none,on time,private,91,1
P3133,Male,DIT,1,2021,Labasa,413,66,82,95,83,none,none,on time,sponsored,85,1
P3134,Male,DIT,2,2021,Labasa,413,95,95,61,77,none,none,on time,private,95,1
P3135,Male,DIT,1,2021,Labasa,413,81,82,60,71,none,none,on time,private,94,1
P3136,Male,DIT,2,2021,Labasa,413,65,93,73,84,none,none,on time,sponsored,93,1
P3137,Female,DIT,2,2021,Labasa,413,80,65,63,69,none,none,on time,private,81,1
P3138,Male,DIT,1,2021,Labasa,413,87,91,88,86,none,none,on time,private,78,1
P3139,Female,DIT,1,2021,Labasa,413,27,7,18,43,none,none,late submission,private,14,0
P3140,Female,DIT,2,2021,Labasa,413,60,73,79,73,none,none,on time,sponsored,82,1
P3141,Male,DIT,2,2021,Labasa,413,91,87,71,68,none,none,on time,sponsored,73,1
P3142,Female,DIT,1,2021,Labasa,413,64,85,62,87,none,none,on time,private,96,1
P3143,Male,DIT,2,2021,Labasa,413,36,25,45,40,none,none,late submission,private,40,0
P3144,Female,DIT,2,2021,Labasa,413,70,89,83,65,none,none,on time,private,70,1
P3145,Female,DIT,1,2021,Labasa,413,93,65,85,79,none,none,on time,private,88,1
P3146,Female,DIT,1,2021,Labasa,413,92,67,93,92,none,none,on time,sponsored,75,1
P3147,Male,DIT,2,2021,Labasa,413,75,66,69,76,none,none,on time,sponsored,100,1
P3148,Male,DIT,1,2021,Labasa,413,71,91,89,88,none,none,on time,sponsored,94,1
P3149,Female,DIT,2,2021,Labasa,413,88,79,77,63,none,none,on time,private,72,1
P3150,Female,DIT,1,2021,Labasa,413,63,83,78,64,none,none,on time,sponsored,84,1
P3151,Male,DIT,2,2021,Labasa,413,88,72,80,90,none,none,on time,sponsored,87,1
P3152,Male,DIT,1,2021,Labasa,413,65,92,71,62,none,none,on time,private,95,1
P3153,Male,DIT,2,2021,Labasa,413,23,23,18,24,none,none,late submission,sponsored,67,0
P3154,Female,DIT,2,2021,Labasa,413,64,81,66,95,none,none,on time,private,71,1
P3155,Female,DIT,2,2021,Labasa,413,81,65,69,82,none,none,on time,sponsored,97,1
P3156,Female,DIT,2,2021,Labasa,413,79,95,84,81,none,none,on time,sponsored,92,1
P3157,Male,DIT,1,2021,Labasa,413,61,83,79,71,none,none,on time,private,83,1
P3158,Male,DIT,2,2021,Labasa,413,14,8,9,4,none,none,late submission,sponsored,62,0
P3159,Female,DIT,1,2021,Labasa,413,81,68,84,69,none,none,on time,sponsored,87,1
P3160,Male,DIT,1,2021,Labasa,413,2,26,23,43,none,none,late submission,private,21,0
P3161,Male,DIT,2,2021,Labasa,413,74,94,75,79,none,none,on time,private,94,1
P3162,Female,DIT,1,2021,Labasa,413,89,78,84,92,none,none,on time,private,100,1
P3163,Female,DIT,1,2021,Labasa,413,3,41,30,55,none,none,late submission,private,17,0
P3164,Female,DIT,1,2021,Labasa,413,78,65,70,77,none,none,on time,sponsored,86,1
P3165,Female,DIT,1,2021,Labasa,413,52,28,22,1,none,none,late submission,sponsored,11,0
P3166,Female,DIT,1,2021,Labasa,413,84,65,83,74,none,none,on time,sponsored,81,1
P3167,Male,DIT,2,2021,Labasa,413,8,2,18,53,none,none,late submission,sponsored,42,0
P3168,Female,DIT,1,2021,Labasa,413,39,0,5,1,none,none,late submission,private,60,0
P3169,Female,DIT,1,2021,Labasa,413,7,49,18,15,none,none,late submission,private,70,0
P3170,Female,DIT,1,2021,Labasa,413,64,67,91,94,none,none,on time,private,83,1
P3171,Male,DIT,1,2021,Labasa,413,60,82,75,86,none,none,on time,private,79,1
P3172,Male,DIT,1,2021,Labasa,413,93,94,92,92,none,none,on time,sponsored,81,1
P3173,Male,DIT,2,2021,Labasa,413,23,16,47,1,none,none,late submission,private,5,0
P3174,Female,DIT,1,2021,Labasa,413,81,68,62,82,none,none,on time,sponsored,93,1
P3175,Female,DIT,1,2021,Labasa,413,40,11,51,8,none,none,late submission,private,59,0
P3176,Male,DIT,2,2021,Labasa,413,72,62,80,79,none,none,on time,sponsored,76,1
P3177,Female,DIT,2,2021,Labasa,413,78,82,63,81,none,none,on time,sponsored,94,1
P3178,Female,DIT,1,2021,Labasa,413,47,28,24,21,none,none,late submission,private,55,0
P3179,Male,DIT,2,2021,Labasa,413,65,87,65,87,none,none,on time,private,81,1
P3180,Male,DIT,2,2021,Labasa,413,78,79,88,87,none,none,on time,private,72,1
P3181,Male,BIS,2,2021,Labasa,501,87,none,none,85,83,61,on time,private,71,1
P3182,Female,BIS,1,2021,Labasa,501,83,none,none,88,0,88,on time,private,77,1
P3183,Male,BIS,2,2021,Labasa,501,none,none,none,91,0,95,on time,private,90,1
P3184,Female,BIS,2,2021,Labasa,501,none,none,none,64,88,88,on time,private,76,1
P3185,Female,BIS,2,2021,Labasa,501,none,71,none,92,74,72,on time,private,87,1
P3186,Male,BIS,2,2021,Labasa,501,none,none,none,79,0,0,on time,private,87,1
P3187,Female,BIS,1,2021,Labasa,501,88,93,none,68,95,0,on time,sponsored,80,1
P3188,Male,BIS,1,2021,Labasa,501,70,74,none,93,78,76,on time,sponsored,79,1
P3189,Female,BIS,1,2021,Labasa,501,none,none,none,81,62,65,on time,sponsored,89,1
P3190,Female,BIS,1,2021,Labasa,501,31,41,none,30,0,0,late submission,sponsored,53,0
P3191,Male,BIS,1,2021,Labasa,501,none,none,none,80,0,85,on time,private,83,1
P3192,Female,BIS,1,2021,Labasa,501,77,none,none,66,0,0,on time,sponsored,84,1
P3193,Male,BIS,1,2021,Labasa,501,none,31,none,31,0,1,late submission,private,73,0
P3194,Female,BIS,2,2021,Labasa,501,none,18,none,38,0,18,late submission,private,27,0
P3195,Male,BIS,2,2021,Labasa,501,85,62,none,63,95,0,on time,private,78,1
P3196,Male,BIS,2,2021,Labasa,501,none,66,none,83,0,69,on time,private,94,1
P3197,Female,BIS,1,2021,Labasa,501,90,none,none,80,80,0,on time,private,74,1
P3198,Female,BIS,2,2021,Labasa,501,61,none,none,86,79,0,on time,private,79,1
P3199,Male,BIS,1,2021,Labasa,501,none,none,none,72,0,0,on time,private,75,1
P3200,Male,BIS,2,2021,Labasa,501,none,none,none,95,0,0,on time,private,83,1
P3201,Female,BIS,1,2021,Labasa,501,94,76,none,72,0,0,on time,private,87,1
P3202,Male,BIS,2,2021,Labasa,501,20,22,none,18,0,0,late submission,private,26,0
P3203,Male,BIS,2,2021,Labasa,501,82,76,none,73,0,0,on time,sponsored,100,1
P3204,Male,BIS,1,2021,Labasa,501,none,none,none,74,63,0,on time,sponsored,88,1
P3205,Female,BIS,1,2021,Labasa,501,none,86,none,90,0,0,on time,sponsored,74,1
P3206,Male,BIS,1,2021,Labasa,501,71,none,none,85,91,78,on time,sponsored,77,1
P3207,Male,BIS,2,2021,Labasa,501,78,94,none,68,0,77,on time,private,73,1
P3208,Male,BIS,2,2021,Labasa,501,none,81,none,72,0,0,on time,private,84,1
P3209,Male,BIS,2,2021,Labasa,501,90,none,none,76,84,0,on time,sponsored,75,1
P3210,Female,BIS,2,2021,Labasa,501,76,none,none,67,0,0,on time,sponsored,88,1
P3211,Female,BIS,1,2021,Labasa,501,none,none,none,90,0,0,on time,private,100,1
P3212,Female,BIS,1,2021,Labasa,501,33,none,none,3,53,36,late submission,private,10,0
P3213,Male,BIS,2,2021,Labasa,501,none,45,none,5,0,51,late submission,sponsored,56,0
P3214,Female,BIS,1,2021,Labasa,501,95,none,none,85,76,73,on time,sponsored,84,1
P3215,Male,BIS,2,2021,Labasa,501,64,62,none,86,71,0,on time,sponsored,72,1
P3216,Female,BIS,2,2021,Labasa,501,none,41,none,7,0,33,late submission,private,48,0
P3217,Male,BIS,1,2021,Labasa,501,43,34,none,52,14,0,late submission,private,38,0
P3218,Male,BIS,2,2021,Labasa,501,62,none,none,73,64,0,on time,sponsored,98,1
P3219,Male,BIS,1,2021,Labasa,501,none,none,none,92,78,0,on time,private,82,1
P3220,Male,BIS,2,2021,Labasa,501,26,none,none,35,37,0,late submission,sponsored,66,0
P3221,Female,BIS,1,2021,Labasa,501,44,none,none,19,24,0,late submission,private,48,0
P3222,Male,BIS,1,2021,Labasa,501,none,95,none,86,95,84,on time,sponsored,92,1
P3223,Female,BIS,1,2021,Labasa,501,none,none,none,63,0,62,on time,private,72,1
P3224,Male,BIS,1,2021,Labasa,501,none,none,none,67,90,0,on time,private,97,1
P3225,Male,BIS,2,2021,Labasa,501,34,19,none,23,0,29,late submission,private,48,0
P3226,Female,BIS,2,2021,Labasa,501,none,none,none,47,9,0,late submission,private,47,0
P3227,Female,BIS,1,2021,Labasa,501,75,95,none,76,0,89,on time,private,77,1
P3228,Female,BIS,1,2021,Labasa,501,none,none,none,64,63,86,on time,private,87,1
P3229,Male,BIS,1,2021,Labasa,501,92,none,none,90,91,0,on time,sponsored,70,1
P3230,Male,BIS,1,2021,Labasa,501,61,none,none,66,93,75,on time,private,78,1
P3231,Female,BIS,2,2021,Labasa,501,83,none,none,74,79,62,on time,sponsored,82,1
P3232,Female,BIS,2,2021,Labasa,501,none,65,none,87,81,93,on time,sponsored,85,1
P3233,Male,BIS,1,2021,Labasa,501,none,4,none,34,36,0,late submission,private,72,0
P3234,Male,BIS,1,2021,Labasa,501,64,none,none,84,0,84,on time,private,94,1
P3235,Male,BIS,2,2021,Labasa,501,64,85,none,61,0,91,on time,sponsored,83,1
P3236,Female,BIS,2,2021,Labasa,501,65,none,none,65,77,84,on time,private,91,1
P3237,Female,BIS,2,2021,Labasa,501,79,83,none,66,68,0,on time,sponsored,72,1
P3238,Female,BIS,2,2021,Labasa,501,none,80,none,60,0,84,on time,private,72,1
P3239,Male,BIS,1,2021,Labasa,501,77,77,none,69,64,0,on time,sponsored,75,1
P3240,Female,BIS,2,2021,Labasa,501,none,none,none,89,66,79,on time,private,72,1
P3241,Female,BIS,2,2021,Labasa,603,28,none,11.72,none,none,none,late submission,private,48,0
P3242,Male,BIS,2,2021,Labasa,603,90,none,34.43,none,none,none,on time,sponsored,100,1
P3243,Female,BIS,2,2021,Labasa,603,75,none,34.78,none,none,none,on time,private,92,1
P3244,Female,BIS,2,2021,Labasa,603,94,none,30.4,none,none,none,on time,sponsored,99,1
P3245,Male,BIS,2,2021,Labasa,603,51,none,10.2,none,none,none,late submission,private,26,0
P3246,Male,BIS,2,2021,Labasa,603,75,none,32.58,none,none,none,on time,private,74,1
P3247,Male,BIS,2,2021,Labasa,603,38,none,16.77,none,none,none,late submission,private,9,0
P3248,Female,BIS,2,2021,Labasa,603,94,none,42.81,none,none,none,on time,private,95,1
P3249,Male,BIS,1,2021,Labasa,603,41,none,21.44,none,none,none,late submission,sponsored,45,0
P3250,Female,BIS,2,2021,Labasa,603,0,none,3.45,none,none,none,late submission,sponsored,55,0
P3251,Male,BIS,1,2021,Labasa,603,92,none,29.52,none,none,none,on time,private,82,1
P3252,Male,BIS,2,2021,Labasa,603,67,none,49.94,none,none,none,on time,sponsored,83,1
P3253,Male,BIS,2,2021,Labasa,603,93,none,39.49,none,none,none,on time,sponsored,84,1
P3254,Female,BIS,1,2021,Labasa,603,80,none,27.02,none,none,none,on time,private,92,1
P3255,Male,BIS,1,2021,Labasa,603,70,none,52.9,none,none,none,on time,sponsored,80,1
P3256,Male,BIS,1,2021,Labasa,603,89,none,31.96,none,none,none,on time,private,80,1
P3257,Female,BIS,1,2021,Labasa,603,85,none,25.88,none,none,none,on time,private,91,1
P3258,Male,BIS,2,2021,Labasa,603,73,none,31.17,none,none,none,on time,sponsored,82,1
P3259,Male,BIS,1,2021,Labasa,603,23,none,11.41,none,none,none,late submission,sponsored,68,0
P3260,Female,BIS,1,2021,Labasa,603,93,none,53.98,none,none,none,on time,private,97,1
P3261,Female,BIS,2,2021,Labasa,603,82,none,35.56,none,none,none,on time,sponsored,88,1
P3262,Female,BIS,1,2021,Labasa,603,43,none,4.69,none,none,none,late submission,sponsored,38,0
P3263,Male,BIS,1,2021,Labasa,603,69,none,40.32,none,none,none,on time,private,75,1
P3264,Female,BIS,1,2021,Labasa,603,91,none,44.07,none,none,none,on time,sponsored,83,1
P3265,Male,BIS,1,2021,Labasa,603,80,none,50.26,none,none,none,on time,sponsored,74,1
P3266,Male,BIS,2,2021,Labasa,603,12,none,28.53,none,none,none,late submission,sponsored,62,0
P3267,Female,BIS,2,2021,Labasa,603,91,none,30.02,none,none,none,on time,private,83,1
P3268,Male,BIS,1,2021,Labasa,603,94,none,33.66,none,none,none,on time,sponsored,78,1
P3269,Female,BIS,2,2021,Labasa,603,77,none,48.25,none,none,none,on time,sponsored,73,1
P3270,Female,BIS,1,2021,Labasa,603,27,none,3.58,none,none,none,late submission,sponsored,56,0
P3271,Male,BIS,2,2021,Labasa,603,16,none,12.2,none,none,none,late submission,private,4,0
P3272,Male,BIS,2,2021,Labasa,603,13,none,28.37,none,none,none,late submission,sponsored,15,0
P3273,Female,BIS,2,2021,Labasa,603,73,none,49.16,none,none,none,on time,sponsored,74,1
P3274,Female,BIS,2,2021,Labasa,603,78,none,33.68,none,none,none,on time,private,75,1
P3275,Female,BIS,1,2021,Labasa,603,63,none,54.77,none,none,none,on time,private,94,1
P3276,Male,BIS,1,2021,Labasa,603,75,none,47.84,none,none,none,on time,private,92,1
P3277,Female,BIS,2,2021,Labasa,603,86,none,36.26,none,none,none,on time,private,90,1
P3278,Male,BIS,1,2021,Labasa,603,83,none,38.64,none,none,none,on time,private,93,1
P3279,Female,BIS,2,2021,Labasa,603,89,none,44.05,none,none,none,on time,sponsored,97,1
P3280,Female,BIS,1,2021,Labasa,603,27,none,28.87,none,none,none,late submission,sponsored,50,0
P3281,Female,BIS,2,2021,Labasa,603,95,none,42.34,none,none,none,on time,private,79,1
P3282,Female,BIS,2,2021,Labasa,603,6,none,21.92,none,none,none,late submission,sponsored,6,0
P3283,Female,BIS,1,2021,Labasa,603,88,none,38.7,none,none,none,on time,sponsored,97,1
P3284,Female,BIS,1,2021,Labasa,603,10,none,30.6,none,none,none,late submission,private,16,0
P3285,Female,BIS,1,2021,Labasa,603,83,none,44.94,none,none,none,on time,sponsored,78,1
P3286,Male,BIS,1,2021,Labasa,603,87,none,44.66,none,none,none,on time,sponsored,79,1
P3287,Male,BIS,1,2021,Labasa,603,74,none,40.58,none,none,none,on time,sponsored,72,1
P3288,Female,BIS,1,2021,Labasa,603,87,none,45.82,none,none,none,on time,sponsored,80,1
P3289,Female,BIS,1,2021,Labasa,603,66,none,34.4,none,none,none,on time,sponsored,72,1
P3290,Female,BIS,1,2021,Labasa,603,69,none,27.05,none,none,none,on time,sponsored,96,1
P3291,Male,BIS,1,2021,Labasa,603,69,none,52.6,none,none,none,on time,sponsored,93,1
P3292,Female,BIS,1,2021,Labasa,603,67,none,42.69,none,none,none,on time,sponsored,73,1
P3293,Female,BIS,2,2021,Labasa,603,15,none,9.69,none,none,none,late submission,sponsored,40,0
P3294,Male,BIS,1,2021,Labasa,603,61,none,50.44,none,none,none,on time,private,89,1
P3295,Female,BIS,1,2021,Labasa,603,85,none,33.87,none,none,none,on time,sponsored,86,1
P3296,Male,BIS,1,2021,Labasa,603,91,none,44.14,none,none,none,on time,sponsored,73,1
P3297,Male,BIS,1,2021,Labasa,603,24,none,30.13,none,none,none,late submission,sponsored,40,0
P3298,Female,BIS,2,2021,Labasa,603,64,none,25.5,none,none,none,on time,private,75,1
P3299,Male,BIS,1,2021,Labasa,603,85,none,40.2,none,none,none,on time,sponsored,71,1
P3300,Female,BIS,2,2021,Labasa,603,77,none,27.51,none,none,none,on time,sponsored,72,1
P3301,Male,CERTIV IT,1,2021,Nasinu,410,25,none,none,37,40,19,late submission,private,19,0
P3302,Female,CERTIV IT,1,2021,Nasinu,410,67,none,none,89,0,71,on time,private,72,1
P3303,Male,CERTIV IT,1,2021,Nasinu,410,70,none,none,91,0,70,on time,sponsored,92,1
P3304,Female,CERTIV IT,1,2021,Nasinu,410,67,none,none,61,0,77,on time,private,97,1
P3305,Male,CERTIV IT,2,2021,Nasinu,410,91,none,none,89,0,63,on time,sponsored,88,1
P3306,Female,CERTIV IT,1,2021,Nasinu,410,67,none,none,74,92,62,on time,sponsored,78,1
P3307,Male,CERTIV IT,1,2021,Nasinu,410,69,none,none,71,0,74,on time,private,81,1
P3308,Female,CERTIV IT,1,2021,Nasinu,410,77,none,none,64,83,92,on time,private,93,1
P3309,Male,CERTIV IT,1,2021,Nasinu,410,85,none,none,64,0,79,on time,sponsored,86,1
P3310,Female,CERTIV IT,1,2021,Nasinu,410,72,none,none,78,79,89,on time,private,70,1
P3311,Female,CERTIV IT,2,2021,Nasinu,410,9,none,none,0,26,14,late submission,sponsored,25,0
P3312,Female,CERTIV IT,1,2021,Nasinu,410,54,none,none,47,0,6,late submission,private,0,0
P3313,Male,CERTIV IT,1,2021,Nasinu,410,69,none,none,77,65,74,on time,sponsored,100,1
P3314,Female,CERTIV IT,2,2021,Nasinu,410,66,none,none,92,0,64,on time,sponsored,93,1
P3315,Male,CERTIV IT,2,2021,Nasinu,410,78,none,none,76,0,80,on time,sponsored,74,1
P3316,Female,CERTIV IT,2,2021,Nasinu,410,68,none,none,66,69,70,on time,sponsored,72,1
P3317,Female,CERTIV IT,2,2021,Nasinu,410,73,none,none,88,0,76,on time,private,73,1
P3318,Male,CERTIV IT,1,2021,Nasinu,410,62,none,none,73,80,65,on time,private,91,1
P3319,Male,CERTIV IT,2,2021,Nasinu,410,76,none,none,71,0,88,on time,private,71,1
P3320,Male,CERTIV IT,1,2021,Nasinu,410,67,none,none,60,63,68,on time,sponsored,95,1
P3321,Male,CERTIV IT,2,2021,Nasinu,410,76,none,none,64,61,72,on time,sponsored,90,1
P3322,Female,CERTIV IT,1,2021,Nasinu,410,67,none,none,62,89,70,on time,private,97,1
P3323,Female,CERTIV IT,2,2021,Nasinu,410,71,none,none,82,73,77,on time,private,82,1
P3324,Female,CERTIV IT,2,2021,Nasinu,410,41,none,none,18,0,35,late submission,sponsored,4,0
P3325,Female,CERTIV IT,1,2021,Nasinu,410,86,none,none,72,93,94,on time,sponsored,82,1
P3326,Male,CERTIV IT,2,2021,Nasinu,410,34,none,none,50,0,36,late submission,private,45,0
P3327,Female,CERTIV IT,2,2021,Nasinu,410,74,none,none,61,77,90,on time,private,70,1
P3328,Female,CERTIV IT,1,2021,Nasinu,410,42,none,none,15,17,48,late submission,sponsored,12,0
P3329,Male,CERTIV IT,2,2021,Nasinu,410,71,none,none,75,0,61,on time,sponsored,96,1
P3330,Female,CERTIV IT,1,2021,Nasinu,410,94,none,none,79,0,62,on time,private,76,1
P3331,Male,CERTIV IT,1,2021,Nasinu,410,93,none,none,90,0,72,on time,sponsored,77,1
P3332,Male,CERTIV IT,2,2021,Nasinu,410,63,none,none,61,69,67,on time,private,99,1
P3333,Female,CERTIV IT,1,2021,Nasinu,410,66,none,none,81,0,68,on time,private,100,1
P3334,Male,CERTIV IT,2,2021,Nasinu,410,11,none,none,45,0,14,late submission,private,62,0
P3335,Male,CERTIV IT,2,2021,Nasinu,410,68,none,none,71,0,62,on time,private,92,1
P3336,Male,CERTIV IT,2,2021,Nasinu,410,31,none,none,9,21,15,late submission,sponsored,28,0
P3337,Female,CERTIV IT,2,2021,Nasinu,410,81,none,none,88,0,73,on time,sponsored,98,1
P3338,Male,CERTIV IT,1,2021,Nasinu,410,60,none,none,63,0,86,on time,sponsored,95,1
P3339,Male,CERTIV IT,2,2021,Nasinu,410,94,none,none,84,0,74,on time,private,82,1
P3340,Male,CERTIV IT,2,2021,Nasinu,410,78,none,none,61,0,66,on time,sponsored,97,1
P3341,Male,CERTIV IT,2,2021,Nasinu,410,64,none,none,95,0,90,on time,sponsored,82,1
P3342,Male,CERTIV IT,2,2021,Nasinu,410,10,none,none,3,0,13,late submission,private,21,0
P3343,Male,CERTIV IT,2,2021,Nasinu,410,78,none,none,79,75,63,on time,private,93,1
P3344,Female,CERTIV IT,2,2021,Nasinu,410,87,none,none,65,0,72,on time,sponsored,81,1
P3345,Male,CERTIV IT,1,2021,Nasinu,410,65,none,none,90,0,85,on time,private,90,1
P3346,Female,CERTIV IT,2,2021,Nasinu,410,41,none,none,34,24,23,late submission,sponsored,33,0
P3347,Female,CERTIV IT,2,2021,Nasinu,410,88,none,none,89,76,77,on time,private,71,1
P3348,Male,CERTIV IT,1,2021,Nasinu,410,42,none,none,22,0,48,late submission,sponsored,12,0
P3349,Male,CERTIV IT,1,2021,Nasinu,410,34,none,none,43,0,36,late submission,private,66,0
P3350,Male,CERTIV IT,2,2021,Nasinu,410,92,none,none,93,69,88,on time,sponsored,82,1
P3351,Male,CERTIV IT,1,2021,Nasinu,410,2,none,none,27,0,12,late submission,sponsored,24,0
P3352,Male,CERTIV IT,2,2021,Nasinu,410,65,none,none,84,0,95,on time,sponsored,93,1
P3353,Female,CERTIV IT,2,2021,Nasinu,410,93,none,none,86,0,69,on time,sponsored,99,1
P3354,Male,CERTIV IT,1,2021,Nasinu,410,50,none,none,18,0,26,late submission,sponsored,72,0
P3355,Female,CERTIV IT,2,2021,Nasinu,410,62,none,none,71,0,69,on time,private,88,1
P3356,Female,CERTIV IT,1,2021,Nasinu,410,75,none,none,63,0,83,on time,private,98,1
P3357,Male,CERTIV IT,2,2021,Nasinu,410,17,none,none,53,31,55,late submission,private,38,0
P3358,Male,CERTIV IT,1,2021,Nasinu,410,80,none,none,77,86,72,on time,private,93,1
P3359,Female,CERTIV IT,1,2021,Nasinu,410,48,none,none,33,0,52,late submission,private,52,0
P3360,Male,CERTIV IT,1,2021,Nasinu,410,68,none,none,93,61,72,on time,private,92,1
P3361,Male,DIT,1,2021,Nasinu,411,83,none,72,77,none,83,on time,sponsored,84,1
P3362,Female,DIT,2,2021,Nasinu,411,75,none,83,91,none,88,on time,sponsored,73,1
P3363,Male,DIT,2,2021,Nasinu,411,70,none,76,65,none,78,on time,private,81,1
P3364,Male,DIT,2,2021,Nasinu,411,74,none,74,73,none,77,on time,sponsored,97,1
P3365,Female,DIT,1,2021,Nasinu,411,8,none,41,11,none,38,late submission,private,1,0
P3366,Male,DIT,1,2021,Nasinu,411,77,none,87,84,none,82,on time,private,95,1
P3367,Female,DIT,2,2021,Nasinu,411,66,none,60,92,none,83,on time,private,79,1
P3368,Female,DIT,2,2021,Nasinu,411,81,none,77,80,none,77,on time,sponsored,85,1
P3369,Female,DIT,2,2021,Nasinu,411,63,none,85,80,none,68,on time,sponsored,86,1
P3370,Male,DIT,2,2021,Nasinu,411,25,none,24,47,none,2,late submission,private,33,0
P3371,Male,DIT,2,2021,Nasinu,411,82,none,92,79,none,70,on time,private,77,1
P3372,Male,DIT,2,2021,Nasinu,411,95,none,71,81,none,65,on time,private,74,1
P3373,Male,DIT,2,2021,Nasinu,411,86,none,81,83,none,76,on time,private,97,1
P3374,Female,DIT,2,2021,Nasinu,411,55,none,40,37,none,37,late submission,sponsored,60,0
P3375,Male,DIT,2,2021,Nasinu,411,55,none,43,24,none,33,late submission,sponsored,64,0
P3376,Female,DIT,2,2021,Nasinu,411,68,none,72,81,none,86,on time,sponsored,97,1
P3377,Female,DIT,1,2021,Nasinu,411,65,none,91,81,none,71,on time,sponsored,92,1
P3378,Female,DIT,1,2021,Nasinu,411,70,none,70,91,none,65,on time,sponsored,78,1
P3379,Male,DIT,2,2021,Nasinu,411,90,none,84,60,none,62,on time,private,82,1
P3380,Male,DIT,2,2021,Nasinu,411,1,none,43,0,none,40,late submission,sponsored,41,0
P3381,Male,DIT,1,2021,Nasinu,411,68,none,66,84,none,92,on time,private,81,1
P3382,Female,DIT,1,2021,Nasinu,411,78,none,89,93,none,93,on time,private,71,1
P3383,Female,DIT,2,2021,Nasinu,411,31,none,22,48,none,12,late submission,private,17,0
P3384,Male,DIT,2,2021,Nasinu,411,73,none,61,92,none,70,on time,sponsored,77,1
P3385,Male,DIT,2,2021,Nasinu,411,84,none,76,94,none,63,on time,sponsored,95,1
P3386,Male,DIT,1,2021,Nasinu,411,67,none,86,88,none,84,on time,sponsored,70,1
P3387,Male,DIT,2,2021,Nasinu,411,60,none,79,86,none,66,on time,sponsored,74,1
P3388,Female,DIT,1,2021,Nasinu,411,92,none,67,78,none,67,on time,sponsored,98,1
P3389,Male,DIT,2,2021,Nasinu,411,93,none,72,82,none,86,on time,private,76,1
P3390,Female,DIT,1,2021,Nasinu,411,90,none,81,75,none,60,on time,sponsored,85,1
P3391,Male,DIT,1,2021,Nasinu,411,9,none,5,49,none,32,late submission,private,73,0
P3392,Male,DIT,1,2021,Nasinu,411,18,none,16,29,none,3,late submission,private,29,0
P3393,Male,DIT,1,2021,Nasinu,411,51,none,43,20,none,27,late submission,private,37,0
P3394,Male,DIT,1,2021,Nasinu,411,54,none,8,42,none,41,late submission,sponsored,5,0
P3395,Male,DIT,2,2021,Nasinu,411,65,none,83,81,none,71,on time,private,84,1
P3396,Male,DIT,2,2021,Nasinu,411,84,none,90,86,none,70,on time,private,84,1
P3397,Male,DIT,1,2021,Nasinu,411,66,none,86,90,none,88,on time,sponsored,71,1
P3398,Male,DIT,2,2021,Nasinu,411,30,none,31,7,none,26,late submission,sponsored,3,0
P3399,Female,DIT,1,2021,Nasinu,411,60,none,93,74,none,81,on time,private,90,1
P3400,Male,DIT,2,2021,Nasinu,411,82,none,84,69,none,95,on time,private,77,1
P3401,Male,DIT,1,2021,Nasinu,411,91,none,70,64,none,91,on time,private,75,1
P3402,Female,DIT,1,2021,Nasinu,411,92,none,74,95,none,84,on time,sponsored,78,1
P3403,Female,DIT,1,2021,Nasinu,411,65,none,91,88,none,80,on time,private,84,1
P3404,Male,DIT,2,2021,Nasinu,411,85,none,86,62,none,95,on time,sponsored,70,1
P3405,Male,DIT,1,2021,Nasinu,411,41,none,42,29,none,21,late submission,sponsored,38,0
P3406,Female,DIT,1,2021,Nasinu,411,35,none,49,39,none,38,late submission,private,58,0
P3407,Female,DIT,2,2021,Nasinu,411,74,none,60,81,none,82,on time,sponsored,73,1
P3408,Female,DIT,2,2021,Nasinu,411,91,none,68,86,none,66,on time,sponsored,71,1
P3409,Female,DIT,1,2021,Nasinu,411,73,none,89,72,none,81,on time,private,99,1
P3410,Male,DIT,2,2021,Nasinu,411,88,none,89,92,none,68,on time,sponsored,90,1
P3411,Female,DIT,1,2021,Nasinu,411,90,none,92,71,none,71,on time,private,71,1
P3412,Male,DIT,1,2021,Nasinu,411,92,none,84,86,none,75,on time,private,89,1
P3413,Female,DIT,2,2021,Nasinu,411,51,none,8,8,none,26,late submission,private,37,0
P3414,Female,DIT,2,2021,Nasinu,411,72,none,73,78,none,82,on time,sponsored,99,1
P3415,Male,DIT,1,2021,Nasinu,411,67,none,82,95,none,90,on time,private,92,1
P3416,Female,DIT,2,2021,Nasinu,411,33,none,6,1,none,24,late submission,sponsored,54,0
P3417,Male,DIT,1,2021,Nasinu,411,70,none,78,76,none,69,on time,private,76,1
P3418,Male,DIT,2,2021,Nasinu,411,82,none,88,66,none,95,on time,sponsored,87,1
P3419,Male,DIT,2,2021,Nasinu,411,63,none,84,84,none,86,on time,private,95,1
P3420,Female,DIT,1,2021,Nasinu,411,88,none,74,83,none,94,on time,sponsored,78,1
P3421,Male,DIT,1,2021,Nasinu,413,71,71,92,67,none,none,on time,sponsored,75,1
P3422,Female,DIT,1,2021,Nasinu,413,68,70,76,60,none,none,on time,private,87,1
P3423,Female,DIT,2,2021,Nasinu,413,69,80,63,79,none,none,on time,sponsored,74,1
P3424,Female,DIT,2,2021,Nasinu,413,93,74,71,93,none,none,on time,private,92,1
P3425,Male,DIT,1,2021,Nasinu,413,65,82,74,73,none,none,on time,private,87,1
P3426,Female,DIT,2,2021,Nasinu,413,95,60,67,82,none,none,on time,private,76,1
P3427,Female,DIT,1,2021,Nasinu,413,43,20,24,50,none,none,late submission,sponsored,31,0
P3428,Male,DIT,2,2021,Nasinu,413,61,93,83,92,none,none,on time,private,93,1
P3429,Female,DIT,2,2021,Nasinu,413,80,92,65,66,none,none,on time,sponsored,98,1
P3430,Male,DIT,1,2021,Nasinu,413,87,66,73,94,none,none,on time,sponsored,76,1
P3431,Female,DIT,1,2021,Nasinu,413,89,81,62,65,none,none,on time,sponsored,74,1
P3432,Male,DIT,1,2021,Nasinu,413,74,76,86,84,none,none,on time,sponsored,78,1
P3433,Female,DIT,2,2021,Nasinu,413,67,94,60,64,none,none,on time,private,70,1
P3434,Male,DIT,1,2021,Nasinu,413,78,79,65,78,none,none,on time,sponsored,86,1
P3435,Female,DIT,2,2021,Nasinu,413,90,70,94,74,none,none,on time,sponsored,91,1
P3436,Male,DIT,2,2021,Nasinu,413,40,9,19,43,none,none,late submission,private,69,0
P3437,Female,DIT,1,2021,Nasinu,413,67,62,60,85,none,none,on time,sponsored,87,1
P3438,Male,DIT,2,2021,Nasinu,413,73,86,92,69,none,none,on time,private,93,1
P3439,Male,DIT,1,2021,Nasinu,413,72,67,71,63,none,none,on time,private,96,1
P3440,Female,DIT,1,2021,Nasinu,413,66,72,91,81,none,none,on time,private,72,1
P3441,Female,DIT,1,2021,Nasinu,413,78,64,72,80,none,none,on time,sponsored,77,1
P3442,Female,DIT,2,2021,Nasinu,413,69,83,80,87,none,none,on time,private,91,1
P3443,Male,DIT,1,2021,Nasinu,413,87,77,83,68,none,none,on time,sponsored,95,1
P3444,Female,DIT,2,2021,Nasinu,413,91,95,66,71,none,none,on time,private,81,1
P3445,Male,DIT,2,2021,Nasinu,413,16,46,40,4,none,none,late submission,sponsored,17,0
P3446,Male,DIT,1,2021,Nasinu,413,49,37,13,2,none,none,late submission,private,3,0
P3447,Female,DIT,2,2021,Nasinu,413,85,74,78,68,none,none,on time,private,74,1
P3448,Female,DIT,1,2021,Nasinu,413,75,70,92,68,none,none,on time,sponsored,86,1
P3449,Female,DIT,1,2021,Nasinu,413,90,82,62,74,none,none,on time,sponsored,100,1
P3450,Female,DIT,1,2021,Nasinu,413,62,73,93,83,none,none,on time,sponsored,81,1
P3451,Female,DIT,2,2021,Nasinu,413,41,20,6,45,none,none,late submission,sponsored,5,0
P3452,Female,DIT,2,2021,Nasinu,413,84,84,83,64,none,none,on time,sponsored,88,1
P3453,Female,DIT,2,2021,Nasinu,413,22,52,55,22,none,none,late submission,private,28,0
P3454,Female,DIT,2,2021,Nasinu,413,28,10,14,4,none,none,late submission,sponsored,0,0
P3455,Female,DIT,1,2021,Nasinu,413,67,74,86,81,none,none,on time,private,75,1
P3456,Male,DIT,2,2021,Nasinu,413,70,86,61,75,none,none,on time,sponsored,85,1
P3457,Male,DIT,1,2021,Nasinu,413,92,62,69,63,none,none,on time,sponsored,75,1
P3458,Male,DIT,2,2021,Nasinu,413,38,36,40,1,none,none,late submission,private,66,0
P3459,Female,DIT,1,2021,Nasinu,413,90,70,74,86,none,none,on time,private,89,1
P3460,Male,DIT,1,2021,Nasinu,413,70,81,89,64,none,none,on time,private,86,1
P3461,Male,DIT,2,2021,Nasinu,413,72,93,92,86,none,none,on time,sponsored,73,1
P3462,Male,DIT,1,2021,Nasinu,413,94,92,67,65,none,none,on time,sponsored,98,1
P3463,Female,DIT,1,2021,Nasinu,413,49,43,41,27,none,none,late submission,sponsored,69,0
P3464,Female,DIT,2,2021,Nasinu,413,14,51,30,50,none,none,late submission,private,67,0
P3465,Female,DIT,2,2021,Nasinu,413,87,68,76,90,none,none,on time,sponsored,93,1
P3466,Male,DIT,1,2021,Nasinu,413,76,72,60,60,none,none,on time,private,98,1
P3467,Male,DIT,1,2021,Nasinu,413,86,83,66,69,none,none,on time,private,76,1
P3468,Female,DIT,2,2021,Nasinu,413,83,77,85,73,none,none,on time,private,87,1
P3469,Female,DIT,2,2021,Nasinu,413,76,79,82,85,none,none,on time,private,87,1
P3470,Male,DIT,1,2021,Nasinu,413,66,73,92,85,none,none,on time,sponsored,84,1
P3471,Female,DIT,1,2021,Nasinu,413,65,69,90,87,none,none,on time,sponsored,100,1
P3472,Male,DIT,1,2021,Nasinu,413,62,84,85,93,none,none,on time,sponsored,81,1
P3473,Female,DIT,1,2021,Nasinu,413,28,0,12,54,none,none,late submission,private,22,0
P3474,Female,DIT,1,2021,Nasinu,413,70,62,83,75,none,none,on time,sponsored,89,1
P3475,Male,DIT,1,2021,Nasinu,413,82,85,85,72,none,none,on time,private,78,1
P3476,Male,DIT,1,2021,Nasinu,413,46,53,35,37,none,none,late submission,private,70,0
P3477,Female,DIT,2,2021,Nasinu,413,38,12,29,25,none,none,late submission,sponsored,35,0
P3478,Male,DIT,2,2021,Nasinu,413,95,64,92,78,none,none,on time,sponsored,86,1
P3479,Female,DIT,1,2021,Nasinu,413,44,28,24,36,none,none,late submission,private,32,0
P3480,Female,DIT,1,2021,Nasinu,413,37,55,1,30,none,none,late submission,private,58,0
P3481,Male,BIS,2,2021,Nasinu,501,74,86,none,93,94,76,on time,sponsored,90,1
P3482,Female,BIS,1,2021,Nasinu,501,none,90,none,82,0,71,on time,private,93,1
P3483,Female,BIS,1,2021,Nasinu,501,none,none,none,82,69,67,on time,private,77,1
P3484,Female,BIS,1,2021,Nasinu,501,54,23,none,31,0,31,late submission,sponsored,69,0
P3485,Female,BIS,2,2021,Nasinu,501,63,none,none,92,0,0,on time,sponsored,88,1
P3486,Male,BIS,2,2021,Nasinu,501,73,66,none,83,76,0,on time,sponsored,70,1
P3487,Male,BIS,2,2021,Nasinu,501,none,91,none,73,0,0,on time,private,89,1
P3488,Female,BIS,2,2021,Nasinu,501,66,75,none,84,72,0,on time,sponsored,74,1
P3489,Male,BIS,1,2021,Nasinu,501,91,none,none,85,66,63,on time,private,74,1
P3490,Female,BIS,2,2021,Nasinu,501,47,16,none,23,0,22,late submission,private,12,0
P3491,Female,BIS,1,2021,Nasinu,501,none,78,none,80,0,88,on time,sponsored,91,1
P3492,Female,BIS,2,2021,Nasinu,501,70,86,none,64,65,81,on time,sponsored,100,1
P3493,Female,BIS,2,2021,Nasinu,501,85,88,none,93,0,70,on time,private,92,1
P3494,Male,BIS,1,2021,Nasinu,501,none,70,none,66,66,90,on time,private,91,1
P3495,Male,BIS,2,2021,Nasinu,501,none,65,none,79,74,0,on time,sponsored,72,1
P3496,Male,BIS,1,2021,Nasinu,501,62,80,none,89,0,0,on time,sponsored,75,1
P3497,Male,BIS,1,2021,Nasinu,501,93,82,none,94,74,0,on time,private,84,1
P3498,Female,BIS,2,2021,Nasinu,501,none,82,none,90,94,0,on time,sponsored,79,1
P3499,Female,BIS,1,2021,Nasinu,501,none,35,none,12,0,25,late submission,sponsored,37,0
P3500,Male,BIS,2,2021,Nasinu,501,5,none,none,33,0,0,late submission,private,28,0
P3501,Female,BIS,1,2021,Nasinu,501,none,40,none,39,0,0,late submission,sponsored,23,0
P3502,Male,BIS,2,2021,Nasinu,501,none,78,none,68,88,74,on time,sponsored,71,1
P3503,Male,BIS,1,2021,Nasinu,501,79,83,none,62,81,69,on time,private,80,1
P3504,Female,BIS,2,2021,Nasinu,501,72,none,none,67,0,88,on time,sponsored,85,1
P3505,Male,BIS,1,2021,Nasinu,501,none,90,none,79,80,62,on time,sponsored,94,1
P3506,Female,BIS,2,2021,Nasinu,501,none,none,none,87,80,0,on time,private,76,1
P3507,Male,BIS,2,2021,Nasinu,501,37,none,none,23,49,15,late submission,sponsored,1,0
P3508,Female,BIS,1,2021,Nasinu,501,63,none,none,68,91,0,on time,sponsored,80,1
P3509,Female,BIS,1,2021,Nasinu,501,68,62,none,88,0,0,on time,private,82,1
P3510,Male,BIS,1,2021,Nasinu,501,none,none,none,88,0,0,on time,private,80,1
P3511,Female,BIS,1,2021,Nasinu,501,none,1,none,49,39,20,late submission,private,64,0
P3512,Female,BIS,1,2021,Nasinu,501,78,86,none,67,66,62,on time,sponsored,85,1
P3513,Male,BIS,1,2021,Nasinu,501,none,84,none,93,76,83,on time,sponsored,85,1
P3514,Male,BIS,1,2021,Nasinu,501,none,none,none,23,0,0,late submission,private,26,0
P3515,Male,BIS,2,2021,Nasinu,501,none,none,none,66,0,72,on time,sponsored,93,1
P3516,Male,BIS,1,2021,Nasinu,501,66,89,none,66,70,0,on time,private,87,1
P3517,Female,BIS,1,2021,Nasinu,501,82,95,none,83,0,80,on time,private,89,1
P3518,Male,BIS,2,2021,Nasinu,501,28,none,none,46,0,38,late submission,private,32,0
P3519,Male,BIS,2,2021,Nasinu,501,none,none,none,66,0,82,on time,sponsored,77,1
P3520,Male,BIS,2,2021,Nasinu,501,74,none,none,85,73,0,on time,sponsored,88,1
P3521,Male,BIS,2,2021,Nasinu,501,38,2,none,5,49,0,late submission,sponsored,73,0
P3522,Female,BIS,2,2021,Nasinu,501,none,none,none,79,93,80,on time,sponsored,97,1
P3523,Female,BIS,1,2021,Nasinu,501,none,74,none,78,85,0,on time,private,91,1
P3524,Male,BIS,2,2021,Nasinu,501,none,85,none,68,0,95,on time,private,71,1
P3525,Female,BIS,2,2021,Nasinu,501,none,77,none,80,65,0,on time,sponsored,76,1
P3526,Female,BIS,2,2021,Nasinu,501,none,82,none,69,88,74,on time,sponsored,81,1
P3527,Female,BIS,1,2021,Nasinu,501,none,none,none,55,0,0,late submission,sponsored,10,0
P3528,Male,BIS,2,2021,Nasinu,501,none,73,none,95,90,0,on time,private,70,1
P3529,Male,BIS,2,2021,Nasinu,501,none,none,none,64,0,83,on time,sponsored,79,1
P3530,Male,BIS,2,2021,Nasinu,501,none,20,none,55,38,11,late submission,sponsored,49,0
P3531,Female,BIS,1,2021,Nasinu,501,81,none,none,61,0,0,on time,private,99,1
P3532,Male,BIS,2,2021,Nasinu,501,none,35,none,14,0,25,late submission,private,32,0
P3533,Male,BIS,2,2021,Nasinu,501,none,69,none,79,0,94,on time,sponsored,91,1
P3534,Male,BIS,1,2021,Nasinu,501,68,none,none,87,69,80,on time,sponsored,91,1
P3535,Male,BIS,1,2021,Nasinu,501,61,86,none,79,0,69,on time,sponsored,98,1
P3536,Male,BIS,1,2021,Nasinu,501,none,none,none,82,0,0,on time,private,94,1
P3537,Female,BIS,1,2021,Nasinu,501,none,none,none,2,26,0,late submission,private,62,0
P3538,Male,BIS,1,2021,Nasinu,501,28,44,none,55,29,0,late submission,sponsored,8,0
P3539,Male,BIS,2,2021,Nasinu,501,none,88,none,62,0,0,on time,sponsored,82,1
P3540,Male,BIS,1,2021,Nasinu,501,78,70,none,78,63,0,on time,private,82,1
P3541,Male,BIS,1,2021,Nasinu,603,85,none,37.41,none,none,none,on time,sponsored,88,1
P3542,Female,BIS,1,2021,Nasinu,603,89,none,27.71,none,none,none,on time,sponsored,88,1
P3543,Female,BIS,1,2021,Nasinu,603,67,none,46.19,none,none,none,on time,sponsored,73,1
P3544,Female,BIS,1,2021,Nasinu,603,84,none,41.51,none,none,none,on time,sponsored,82,1
P3545,Male,BIS,1,2021,Nasinu,603,10,none,30.41,none,none,none,late submission,sponsored,72,0
P3546,Male,BIS,1,2021,Nasinu,603,78,none,43.79,none,none,none,on time,private,79,1
P3547,Male,BIS,1,2021,Nasinu,603,0,none,16.05,none,none,none,late submission,private,0,0
P3548,Female,BIS,1,2021,Nasinu,603,73,none,42.67,none,none,none,on time,sponsored,85,1
P3549,Female,BIS,2,2021,Nasinu,603,75,none,51.47,none,none,none,on time,sponsored,72,1
P3550,Female,BIS,1,2021,Nasinu,603,82,none,26.1,none,none,none,on time,sponsored,74,1
P3551,Male,BIS,2,2021,Nasinu,603,66,none,37.51,none,none,none,on time,sponsored,72,1
P3552,Male,BIS,1,2021,Nasinu,603,89,none,47.48,none,none,none,on time,sponsored,89,1
P3553,Female,BIS,1,2021,Nasinu,603,83,none,51.93,none,none,none,on time,private,79,1
P3554,Male,BIS,2,2021,Nasinu,603,30,none,4.71,none,none,none,late submission,private,8,0
P3555,Female,BIS,2,2021,Nasinu,603,73,none,43.36,none,none,none,on time,sponsored,86,1
P3556,Male,BIS,1,2021,Nasinu,603,87,none,43.27,none,none,none,on time,private,92,1
P3557,Female,BIS,2,2021,Nasinu,603,68,none,43.43,none,none,none,on time,private,89,1
P3558,Female,BIS,2,2021,Nasinu,603,78,none,54.38,none,none,none,on time,sponsored,75,1
P3559,Male,BIS,1,2021,Nasinu,603,73,none,48.99,none,none,none,on time,sponsored,90,1
P3560,Female,BIS,2,2021,Nasinu,603,60,none,44.22,none,none,none,on time,sponsored,81,1
P3561,Female,BIS,2,2021,Nasinu,603,32,none,19.25,none,none,none,late submission,private,39,0
P3562,Male,BIS,1,2021,Nasinu,603,61,none,49.96,none,none,none,on time,private,80,1
P3563,Male,BIS,2,2021,Nasinu,603,51,none,1.24,none,none,none,late submission,private,61,0
P3564,Male,BIS,2,2021,Nasinu,603,89,none,48.52,none,none,none,on time,private,84,1
P3565,Female,BIS,1,2021,Nasinu,603,35,none,18.76,none,none,none,late submission,private,38,0
P3566,Male,BIS,2,2021,Nasinu,603,9,none,9.82,none,none,none,late submission,sponsored,45,0
P3567,Male,BIS,2,2021,Nasinu,603,36,none,21.2,none,none,none,late submission,sponsored,68,0
P3568,Male,BIS,1,2021,Nasinu,603,45,none,1.11,none,none,none,late submission,private,39,0
P3569,Female,BIS,1,2021,Nasinu,603,88,none,49.88,none,none,none,on time,private,77,1
P3570,Female,BIS,1,2021,Nasinu,603,83,none,48.55,none,none,none,on time,sponsored,75,1
P3571,Male,BIS,1,2021,Nasinu,603,92,none,29.62,none,none,none,on time,private,70,1
P3572,Female,BIS,2,2021,Nasinu,603,80,none,29.3,none,none,none,on time,private,86,1
P3573,Male,BIS,1,2021,Nasinu,603,84,none,46.41,none,none,none,on time,private,71,1
P3574,Male,BIS,1,2021,Nasinu,603,81,none,39.01,none,none,none,on time,sponsored,71,1
P3575,Male,BIS,1,2021,Nasinu,603,61,none,42.33,none,none,none,on time,private,91,1
P3576,Female,BIS,1,2021,Nasinu,603,77,none,40.97,none,none,none,on time,private,76,1
P3577,Female,BIS,1,2021,Nasinu,603,67,none,25.46,none,none,none,on time,private,75,1
P3578,Male,BIS,1,2021,Nasinu,603,77,none,29.25,none,none,none,on time,private,87,1
P3579,Female,BIS,1,2021,Nasinu,603,94,none,38.31,none,none,none,on time,private,79,1
P3580,Male,BIS,1,2021,Nasinu,603,66,none,36.51,none,none,none,on time,sponsored,91,1
P3581,Male,BIS,2,2021,Nasinu,603,82,none,34.37,none,none,none,on time,private,92,1
P3582,Male,BIS,1,2021,Nasinu,603,5,none,28.45,none,none,none,late submission,sponsored,59,0
P3583,Female,BIS,1,2021,Nasinu,603,90,none,31.95,none,none,none,on time,private,91,1
P3584,Male,BIS,1,2021,Nasinu,603,25,none,6.42,none,none,none,late submission,private,33,0
P3585,Female,BIS,2,2021,Nasinu,603,90,none,28.39,none,none,none,on time,sponsored,70,1
P3586,Female,BIS,2,2021,Nasinu,603,38,none,20.11,none,none,none,late submission,private,36,0
P3587,Male,BIS,2,2021,Nasinu,603,35,none,22.73,none,none,none,late submission,private,13,0
P3588,Female,BIS,2,2021,Nasinu,603,75,none,41.44,none,none,none,on time,sponsored,83,1
P3589,Female,BIS,2,2021,Nasinu,603,87,none,42.02,none,none,none,on time,private,76,1
P3590,Female,BIS,1,2021,Nasinu,603,91,none,28.43,none,none,none,on time,sponsored,91,1
P3591,Female,BIS,2,2021,Nasinu,603,71,none,34.24,none,none,none,on time,private,96,1
P3592,Female,BIS,1,2021,Nasinu,603,80,none,39.83,none,none,none,on time,private,91,1
P3593,Male,BIS,1,2021,Nasinu,603,69,none,44.83,none,none,none,on time,sponsored,74,1
P3594,Female,BIS,2,2021,Nasinu,603,72,none,31.17,none,none,none,on time,private,88,1
P3595,Female,BIS,2,2021,Nasinu,603,87,none,46.53,none,none,none,on time,private,99,1
P3596,Female,BIS,1,2021,Nasinu,603,68,none,50.58,none,none,none,on time,private,89,1
P3597,Male,BIS,2,2021,Nasinu,603,45,none,19.6,none,none,none,late submission,sponsored,6,0
P3598,Female,BIS,1,2021,Nasinu,603,27,none,24.58,none,none,none,late submission,sponsored,3,0
P3599,Female,BIS,2,2021,Nasinu,603,87,none,41.35,none,none,none,on time,private,82,1
P3600,Male,BIS,2,2021,Nasinu,603,83,none,50.2,none,none,none,on time,private,87,1
P3601,Male,CERTIV IT,2,2022,Labasa,410,0,none,none,4,41,9,late submission,sponsored,16,0
P3602,Female,CERTIV IT,2,2022,Labasa,410,8,none,none,41,0,55,late submission,sponsored,17,0
P3603,Female,CERTIV IT,2,2022,Labasa,410,95,none,none,88,0,74,on time,private,84,1
P3604,Male,CERTIV IT,2,2022,Labasa,410,75,none,none,92,0,94,on time,private,88,1
P3605,Female,CERTIV IT,1,2022,Labasa,410,45,none,none,23,0,44,late submission,private,72,0
P3606,Male,CERTIV IT,1,2022,Labasa,410,89,none,none,93,65,75,on time,private,86,1
P3607,Female,CERTIV IT,1,2022,Labasa,410,63,none,none,81,94,90,on time,private,87,1
P3608,Female,CERTIV IT,2,2022,Labasa,410,82,none,none,78,78,62,on time,private,80,1
P3609,Female,CERTIV IT,2,2022,Labasa,410,63,none,none,78,0,91,on time,sponsored,85,1
P3610,Male,CERTIV IT,1,2022,Labasa,410,76,none,none,68,0,76,on time,private,97,1
P3611,Male,CERTIV IT,1,2022,Labasa,410,88,none,none,83,0,75,on time,sponsored,99,1
P3612,Female,CERTIV IT,1,2022,Labasa,410,5,none,none,9,38,53,late submission,private,4,0
P3613,Female,CERTIV IT,2,2022,Labasa,410,46,none,none,40,10,36,late submission,private,30,0
P3614,Female,CERTIV IT,1,2022,Labasa,410,63,none,none,70,0,90,on time,sponsored,94,1
P3615,Female,CERTIV IT,2,2022,Labasa,410,84,none,none,84,0,69,on time,sponsored,94,1
P3616,Female,CERTIV IT,1,2022,Labasa,410,84,none,none,80,93,66,on time,private,95,1
P3617,Female,CERTIV IT,2,2022,Labasa,410,81,none,none,77,77,76,on time,private,90,1
P3618,Female,CERTIV IT,2,2022,Labasa,410,33,none,none,21,43,20,late submission,sponsored,30,0
P3619,Male,CERTIV IT,1,2022,Labasa,410,6,none,none,33,0,22,late submission,private,1,0
P3620,Male,CERTIV IT,2,2022,Labasa,410,65,none,none,63,73,67,on time,sponsored,71,1
P3621,Male,CERTIV IT,1,2022,Labasa,410,67,none,none,71,0,89,on time,sponsored,94,1
P3622,Male,CERTIV IT,2,2022,Labasa,410,44,none,none,42,0,16,late submission,private,35,0
P3623,Male,CERTIV IT,1,2022,Labasa,410,84,none,none,81,0,76,on time,private,71,1
P3624,Male,CERTIV IT,2,2022,Labasa,410,85,none,none,71,91,69,on time,sponsored,99,1
P3625,Female,CERTIV IT,1,2022,Labasa,410,76,none,none,66,62,64,on time,private,73,1
P3626,Female,CERTIV IT,2,2022,Labasa,410,60,none,none,62,0,69,on time,sponsored,85,1
P3627,Female,CERTIV IT,2,2022,Labasa,410,90,none,none,87,85,94,on time,private,86,1
P3628,Male,CERTIV IT,1,2022,Labasa,410,67,none,none,94,0,79,on time,private,92,1
P3629,Female,CERTIV IT,1,2022,Labasa,410,83,none,none,94,81,89,on time,sponsored,100,1
P3630,Female,CERTIV IT,1,2022,Labasa,410,72,none,none,79,84,82,on time,private,71,1
P3631,Female,CERTIV IT,1,2022,Labasa,410,8,none,none,2,12,46,late submission,sponsored,56,0
P3632,Male,CERTIV IT,2,2022,Labasa,410,91,none,none,94,88,62,on time,private,95,1
P3633,Female,CERTIV IT,1,2022,Labasa,410,85,none,none,67,0,94,on time,sponsored,93,1
P3634,Male,CERTIV IT,1,2022,Labasa,410,31,none,none,41,0,39,late submission,sponsored,4,0
P3635,Male,CERTIV IT,1,2022,Labasa,410,71,none,none,63,79,89,on time,sponsored,74,1
P3636,Male,CERTIV IT,1,2022,Labasa,410,31,none,none,38,51,4,late submission,sponsored,13,0
P3637,Male,CERTIV IT,2,2022,Labasa,410,80,none,none,67,94,80,on time,private,96,1
P3638,Male,CERTIV IT,1,2022,Labasa,410,67,none,none,77,0,70,on time,sponsored,80,1
P3639,Female,CERTIV IT,1,2022,Labasa,410,68,none,none,66,84,61,on time,sponsored,99,1
P3640,Female,CERTIV IT,1,2022,Labasa,410,78,none,none,86,90,73,on time,sponsored,75,1
P3641,Male,CERTIV IT,2,2022,Labasa,410,71,none,none,62,0,65,on time,sponsored,83,1
P3642,Female,CERTIV IT,2,2022,Labasa,410,72,none,none,67,93,83,on time,sponsored,87,1
P3643,Male,CERTIV IT,2,2022,Labasa,410,3,none,none,12,7,43,late submission,private,26,0
P3644,Female,CERTIV IT,2,2022,Labasa,410,63,none,none,83,78,87,on time,sponsored,91,1
P3645,Female,CERTIV IT,2,2022,Labasa,410,62,none,none,66,63,70,on time,private,98,1
P3646,Male,CERTIV IT,2,2022,Labasa,410,88,none,none,80,86,80,on time,sponsored,72,1
P3647,Male,CERTIV IT,1,2022,Labasa,410,86,none,none,72,84,64,on time,sponsored,73,1
P3648,Female,CERTIV IT,2,2022,Labasa,410,73,none,none,89,0,83,on time,sponsored,83,1
P3649,Male,CERTIV IT,2,2022,Labasa,410,77,none,none,72,81,62,on time,private,90,1
P3650,Male,CERTIV IT,2,2022,Labasa,410,89,none,none,86,0,74,on time,private,97,1
P3651,Female,CERTIV IT,1,2022,Labasa,410,5,none,none,26,0,55,late submission,sponsored,21,0
P3652,Male,CERTIV IT,2,2022,Labasa,410,46,none,none,27,47,15,late submission,sponsored,35,0
P3653,Female,CERTIV IT,2,2022,Labasa,410,60,none,none,86,62,90,on time,sponsored,98,1
P3654,Male,CERTIV IT,2,2022,Labasa,410,88,none,none,91,75,95,on time,sponsored,85,1
P3655,Male,CERTIV IT,2,2022,Labasa,410,18,none,none,15,41,1,late submission,private,16,0
P3656,Female,CERTIV IT,2,2022,Labasa,410,89,none,none,89,0,71,on time,sponsored,84,1
P3657,Female,CERTIV IT,2,2022,Labasa,410,84,none,none,81,93,78,on time,sponsored,70,1
P3658,Female,CERTIV IT,2,2022,Labasa,410,65,none,none,81,0,63,on time,sponsored,89,1
P3659,Male,CERTIV IT,2,2022,Labasa,410,83,none,none,83,71,95,on time,sponsored,89,1
P3660,Male,CERTIV IT,1,2022,Labasa,410,41,none,none,30,47,48,late submission,sponsored,30,0
P3661,Male,DIT,2,2022,Labasa,411,77,none,63,64,none,83,on time,private,78,1
P3662,Female,DIT,2,2022,Labasa,411,90,none,94,94,none,78,on time,sponsored,86,1
P3663,Female,DIT,2,2022,Labasa,411,29,none,5,5,none,25,late submission,sponsored,8,0
P3664,Male,DIT,2,2022,Labasa,411,10,none,17,7,none,44,late submission,sponsored,9,0
P3665,Male,DIT,2,2022,Labasa,411,78,none,86,94,none,68,on time,sponsored,76,1
P3666,Female,DIT,2,2022,Labasa,411,78,none,72,64,none,61,on time,sponsored,93,1
P3667,Male,DIT,2,2022,Labasa,411,91,none,93,95,none,88,on time,private,80,1
P3668,Female,DIT,2,2022,Labasa,411,70,none,76,74,none,90,on time,private,98,1
P3669,Female,DIT,2,2022,Labasa,411,22,none,18,29,none,10,late submission,sponsored,6,0
P3670,Male,DIT,2,2022,Labasa,411,70,none,75,67,none,62,on time,sponsored,75,1
P3671,Female,DIT,1,2022,Labasa,411,73,none,95,62,none,80,on time,sponsored,81,1
P3672,Female,DIT,1,2022,Labasa,411,94,none,79,67,none,61,on time,sponsored,87,1
P3673,Female,DIT,2,2022,Labasa,411,9,none,0,47,none,34,late submission,private,58,0
P3674,Female,DIT,2,2022,Labasa,411,88,none,81,67,none,90,on time,sponsored,79,1
P3675,Male,DIT,1,2022,Labasa,411,61,none,85,74,none,88,on time,private,73,1
P3676,Female,DIT,1,2022,Labasa,411,93,none,74,77,none,72,on time,sponsored,89,1
P3677,Male,DIT,1,2022,Labasa,411,92,none,85,72,none,91,on time,sponsored,84,1
P3678,Female,DIT,1,2022,Labasa,411,9,none,45,54,none,27,late submission,private,46,0
P3679,Female,DIT,2,2022,Labasa,411,82,none,79,88,none,95,on time,private,79,1
P3680,Male,DIT,1,2022,Labasa,411,88,none,78,70,none,87,on time,private,84,1
P3681,Female,DIT,1,2022,Labasa,411,13,none,19,30,none,55,late submission,sponsored,11,0
P3682,Female,DIT,1,2022,Labasa,411,5,none,0,26,none,40,late submission,private,75,0
P3683,Female,DIT,2,2022,Labasa,411,72,none,71,84,none,78,on time,sponsored,84,1
P3684,Female,DIT,1,2022,Labasa,411,31,none,35,47,none,29,late submission,private,38,0
P3685,Male,DIT,1,2022,Labasa,411,19,none,40,53,none,40,late submission,private,19,0
P3686,Female,DIT,1,2022,Labasa,411,86,none,71,91,none,75,on time,private,98,1
P3687,Male,DIT,1,2022,Labasa,411,38,none,47,23,none,37,late submission,sponsored,63,0
P3688,Female,DIT,2,2022,Labasa,411,23,none,32,46,none,36,late submission,sponsored,60,0
P3689,Male,DIT,2,2022,Labasa,411,80,none,89,68,none,82,on time,sponsored,71,1
P3690,Male,DIT,1,2022,Labasa,411,63,none,78,78,none,93,on time,private,83,1
P3691,Male,DIT,1,2022,Labasa,411,38,none,48,10,none,34,late submission,sponsored,23,0
P3692,Female,DIT,2,2022,Labasa,411,43,none,44,44,none,23,late submission,private,38,0
P3693,Male,DIT,2,2022,Labasa,411,33,none,18,23,none,49,late submission,sponsored,1,0
P3694,Female,DIT,2,2022,Labasa,411,66,none,73,69,none,92,on time,sponsored,99,1
P3695,Male,DIT,1,2022,Labasa,411,26,none,29,4,none,7,late submission,sponsored,71,0
P3696,Male,DIT,1,2022,Labasa,411,68,none,88,93,none,81,on time,private,79,1
P3697,Male,DIT,2,2022,Labasa,411,74,none,68,69,none,74,on time,sponsored,96,1
P3698,Female,DIT,1,2022,Labasa,411,67,none,64,61,none,90,on time,private,72,1
P3699,Female,DIT,1,2022,Labasa,411,90,none,67,76,none,62,on time,sponsored,71,1
P3700,Male,DIT,2,2022,Labasa,411,67,none,73,72,none,71,on time,sponsored,94,1
P3701,Female,DIT,1,2022,Labasa,411,82,none,82,70,none,92,on time,private,97,1
P3702,Male,DIT,1,2022,Labasa,411,93,none,73,72,none,78,on time,sponsored,88,1
P3703,Male,DIT,1,2022,Labasa,411,32,none,54,45,none,30,late submission,sponsored,12,0
P3704,Female,DIT,1,2022,Labasa,411,71,none,82,84,none,87,on time,sponsored,100,1
P3705,Male,DIT,1,2022,Labasa,411,67,none,89,67,none,93,on time,private,94,1
P3706,Male,DIT,2,2022,Labasa,411,5,none,20,31,none,7,late submission,sponsored,36,0
P3707,Female,DIT,2,2022,Labasa,411,88,none,74,95,none,86,on time,private,93,1
P3708,Female,DIT,2,2022,Labasa,411,83,none,71,60,none,91,on time,private,72,1
P3709,Male,DIT,2,2022,Labasa,411,67,none,69,85,none,85,on time,sponsored,91,1
P3710,Male,DIT,1,2022,Labasa,411,72,none,85,67,none,74,on time,private,76,1
P3711,Female,DIT,2,2022,Labasa,411,85,none,82,90,none,85,on time,private,92,1
P3712,Female,DIT,2,2022,Labasa,411,67,none,76,91,none,91,on time,sponsored,84,1
P3713,Male,DIT,1,2022,Labasa,411,64,none,91,61,none,71,on time,sponsored,93,1
P3714,Female,DIT,2,2022,Labasa,411,64,none,93,91,none,89,on time,sponsored,89,1
P3715,Male,DIT,2,2022,Labasa,411,94,none,81,94,none,94,on time,private,85,1
P3716,Male,DIT,1,2022,Labasa,411,28,none,20,54,none,24,late submission,private,15,0
P3717,Female,DIT,2,2022,Labasa,411,70,none,91,87,none,68,on time,private,75,1
P3718,Female,DIT,2,2022,Labasa,411,95,none,94,90,none,90,on time,private,73,1
P3719,Male,DIT,1,2022,Labasa,411,82,none,78,80,none,63,on time,private,85,1
P3720,Male,DIT,1,2022,Labasa,411,61,none,81,84,none,66,on time,private,81,1
P3721,Female,DIT,2,2022,Labasa,413,3,42,15,15,none,none,late submission,private,52,0
P3722,Male,DIT,2,2022,Labasa,413,79,67,81,70,none,none,on time,sponsored,99,1
P3723,Male,DIT,2,2022,Labasa,413,92,86,77,61,none,none,on time,private,91,1
P3724,Female,DIT,1,2022,Labasa,413,20,36,6,51,none,none,late submission,private,48,0
P3725,Female,DIT,1,2022,Labasa,413,91,92,81,70,none,none,on time,private,76,1
P3726,Female,DIT,2,2022,Labasa,413,40,54,50,4,none,none,late submission,private,25,0
P3727,Male,DIT,2,2022,Labasa,413,74,65,66,81,none,none,on time,private,79,1
P3728,Female,DIT,1,2022,Labasa,413,87,73,82,64,none,none,on time,private,86,1
P3729,Female,DIT,2,2022,Labasa,413,72,86,85,76,none,none,on time,private,87,1
P3730,Female,DIT,1,2022,Labasa,413,36,31,13,42,none,none,late submission,sponsored,66,0
P3731,Female,DIT,2,2022,Labasa,413,36,46,40,3,none,none,late submission,private,68,0
P3732,Male,DIT,2,2022,Labasa,413,79,87,86,80,none,none,on time,sponsored,77,1
P3733,Male,DIT,1,2022,Labasa,413,41,10,16,43,none,none,late submission,private,34,0
P3734,Male,DIT,2,2022,Labasa,413,61,75,79,89,none,none,on time,sponsored,74,1
P3735,Female,DIT,2,2022,Labasa,413,72,70,77,68,none,none,on time,sponsored,98,1
P3736,Male,DIT,2,2022,Labasa,413,41,54,2,46,none,none,late submission,sponsored,35,0
P3737,Female,DIT,1,2022,Labasa,413,80,79,64,86,none,none,on time,sponsored,98,1
P3738,Female,DIT,1,2022,Labasa,413,75,67,92,67,none,none,on time,sponsored,96,1
P3739,Female,DIT,2,2022,Labasa,413,49,51,20,21,none,none,late submission,sponsored,30,0
P3740,Female,DIT,1,2022,Labasa,413,6,11,13,17,none,none,late submission,sponsored,27,0
P3741,Female,DIT,2,2022,Labasa,413,91,94,83,67,none,none,on time,sponsored,88,1
P3742,Female,DIT,2,2022,Labasa,413,69,83,90,83,none,none,on time,private,77,1
P3743,Female,DIT,1,2022,Labasa,413,63,75,76,95,none,none,on time,sponsored,98,1
P3744,Female,DIT,2,2022,Labasa,413,67,94,75,88,none,none,on time,private,92,1
P3745,Female,DIT,1,2022,Labasa,413,19,5,52,48,none,none,late submission,private,50,0
P3746,Male,DIT,2,2022,Labasa,413,88,80,86,62,none,none,on time,sponsored,98,1
P3747,Female,DIT,1,2022,Labasa,413,47,26,53,21,none,none,late submission,private,62,0
P3748,Female,DIT,1,2022,Labasa,413,22,26,38,46,none,none,late submission,sponsored,33,0
P3749,Female,DIT,2,2022,Labasa,413,71,88,68,60,none,none,on time,sponsored,94,1
P3750,Female,DIT,1,2022,Labasa,413,67,70,75,93,none,none,on time,sponsored,80,1
P3751,Male,DIT,2,2022,Labasa,413,30,55,47,8,none,none,late submission,private,40,0
P3752,Female,DIT,1,2022,Labasa,413,78,72,65,86,none,none,on time,private,96,1
P3753,Female,DIT,1,2022,Labasa,413,61,61,95,74,none,none,on time,sponsored,82,1
P3754,Male,DIT,2,2022,Labasa,413,63,85,87,76,none,none,on time,sponsored,92,1
P3755,Male,DIT,1,2022,Labasa,413,0,45,33,27,none,none,late submission,sponsored,21,0
P3756,Female,DIT,2,2022,Labasa,413,72,77,78,91,none,none,on time,sponsored,92,1
P3757,Female,DIT,1,2022,Labasa,413,78,72,86,71,none,none,on time,sponsored,76,1
P3758,Female,DIT,1,2022,Labasa,413,88,75,83,89,none,none,on time,sponsored,78,1
P3759,Male,DIT,1,2022,Labasa,413,85,73,84,87,none,none,on time,private,97,1
P3760,Female,DIT,1,2022,Labasa,413,81,75,90,82,none,none,on time,sponsored,71,1
P3761,Male,DIT,1,2022,Labasa,413,79,85,83,68,none,none,on time,private,89,1
P3762,Male,DIT,1,2022,Labasa,413,81,89,68,65,none,none,on time,private,86,1
P3763,Female,DIT,2,2022,Labasa,413,62,68,91,77,none,none,on time,private,73,1
P3764,Female,DIT,2,2022,Labasa,413,76,93,80,87,none,none,on time,private,98,1
P3765,Male,DIT,2,2022,Labasa,413,95,88,63,72,none,none,on time,sponsored,85,1
P3766,Male,DIT,1,2022,Labasa,413,76,70,89,87,none,none,on time,private,71,1
P3767,Male,DIT,2,2022,Labasa,413,89,91,67,69,none,none,on time,private,81,1
P3768,Male,DIT,2,2022,Labasa,413,71,70,92,77,none,none,on time,private,97,1
P3769,Male,DIT,1,2022,Labasa,413,86,64,75,91,none,none,on time,sponsored,88,1
P3770,Male,DIT,2,2022,Labasa,413,85,83,66,80,none,none,on time,sponsored,91,1
P3771,Male,DIT,1,2022,Labasa,413,89,77,60,81,none,none,on time,private,96,1
P3772,Male,DIT,2,2022,Labasa,413,73,63,78,80,none,none,on time,sponsored,93,1
P3773,Male,DIT,1,2022,Labasa,413,65,85,76,71,none,none,on time,private,89,1
P3774,Male,DIT,2,2022,Labasa,413,70,84,85,78,none,none,on time,sponsored,97,1
P3775,Male,DIT,1,2022,Labasa,413,79,68,82,66,none,none,on time,private,95,1
P3776,Female,DIT,1,2022,Labasa,413,90,77,87,65,none,none,on time,private,98,1
P3777,Female,DIT,2,2022,Labasa,413,65,62,92,81,none,none,on time,private,83,1
P3778,Female,DIT,1,2022,Labasa,413,91,93,93,65,none,none,on time,sponsored,92,1
P3779,Female,DIT,2,2022,Labasa,413,79,69,68,79,none,none,on time,private,99,1
P3780,Male,DIT,2,2022,Labasa,413,62,92,66,92,none,none,on time,sponsored,71,1
P3781,Female,BIS,2,2022,Labasa,501,82,none,none,67,89,0,on time,private,91,1
P3782,Male,BIS,1,2022,Labasa,501,80,88,none,81,71,71,on time,private,92,1
P3783,Female,BIS,1,2022,Labasa,501,none,none,none,90,0,0,on time,sponsored,70,1
P3784,Female,BIS,2,2022,Labasa,501,none,none,none,52,1,54,late submission,sponsored,11,0
P3785,Male,BIS,2,2022,Labasa,501,none,65,none,89,0,87,on time,sponsored,90,1
P3786,Male,BIS,1,2022,Labasa,501,none,55,none,37,15,0,late submission,private,56,0
P3787,Male,BIS,2,2022,Labasa,501,86,95,none,62,0,0,on time,private,90,1
P3788,Male,BIS,1,2022,Labasa,501,none,77,none,90,0,0,on time,private,83,1
P3789,Female,BIS,1,2022,Labasa,501,90,none,none,92,0,89,on time,sponsored,93,1
P3790,Female,BIS,2,2022,Labasa,501,none,none,none,18,44,0,late submission,private,46,0
P3791,Male,BIS,1,2022,Labasa,501,66,91,none,75,73,0,on time,private,89,1
P3792,Female,BIS,2,2022,Labasa,501,64,none,none,74,67,0,on time,sponsored,75,1
P3793,Female,BIS,2,2022,Labasa,501,none,none,none,28,0,53,late submission,private,71,0
P3794,Male,BIS,1,2022,Labasa,501,none,none,none,23,0,0,late submission,sponsored,5,0
P3795,Female,BIS,1,2022,Labasa,501,none,72,none,86,60,0,on time,private,81,1
P3796,Female,BIS,1,2022,Labasa,501,none,69,none,74,0,0,on time,private,81,1
P3797,Female,BIS,2,2022,Labasa,501,none,none,none,5,0,25,late submission,sponsored,56,0
P3798,Female,BIS,1,2022,Labasa,501,63,86,none,95,0,82,on time,sponsored,71,1
P3799,Female,BIS,1,2022,Labasa,501,94,82,none,72,79,0,on time,sponsored,84,1
P3800,Female,BIS,1,2022,Labasa,501,none,92,none,93,81,61,on time,private,87,1
P3801,Female,BIS,1,2022,Labasa,501,none,none,none,53,0,0,late submission,private,38,0
P3802,Male,BIS,1,2022,Labasa,501,none,29,none,15,51,0,late submission,private,15,0
P3803,Female,BIS,1,2022,Labasa,501,66,none,none,83,89,0,on time,sponsored,86,1
P3804,Female,BIS,1,2022,Labasa,501,none,none,none,83,0,0,on time,sponsored,83,1
P3805,Female,BIS,2,2022,Labasa,501,none,none,none,91,89,92,on time,private,84,1
P3806,Male,BIS,2,2022,Labasa,501,95,67,none,67,0,78,on time,sponsored,93,1
P3807,Male,BIS,1,2022,Labasa,501,78,none,none,69,86,0,on time,private,81,1
P3808,Male,BIS,1,2022,Labasa,501,7,none,none,26,0,0,late submission,sponsored,62,0
P3809,Female,BIS,2,2022,Labasa,501,68,88,none,69,80,0,on time,sponsored,93,1
P3810,Male,BIS,2,2022,Labasa,501,none,none,none,79,95,95,on time,private,71,1
P3811,Male,BIS,1,2022,Labasa,501,48,none,none,7,42,0,late submission,sponsored,66,0
P3812,Male,BIS,1,2022,Labasa,501,5,none,none,31,55,0,late submission,private,74,0
P3813,Male,BIS,2,2022,Labasa,501,84,none,none,66,94,78,on time,private,86,1
P3814,Male,BIS,2,2022,Labasa,501,none,3,none,11,1,0,late submission,private,19,0
P3815,Male,BIS,2,2022,Labasa,501,76,none,none,72,75,0,on time,private,98,1
P3816,Male,BIS,2,2022,Labasa,501,64,61,none,74,0,95,on time,private,84,1
P3817,Male,BIS,1,2022,Labasa,501,none,69,none,94,70,0,on time,private,83,1
P3818,Female,BIS,1,2022,Labasa,501,none,63,none,77,0,82,on time,private,84,1
P3819,Female,BIS,1,2022,Labasa,501,none,none,none,68,0,87,on time,sponsored,87,1
P3820,Female,BIS,2,2022,Labasa,501,none,80,none,73,0,61,on time,private,94,1
P3821,Male,BIS,2,2022,Labasa,501,86,none,none,64,94,88,on time,sponsored,70,1
P3822,Female,BIS,2,2022,Labasa,501,none,7,none,23,0,0,late submission,private,45,0
P3823,Male,BIS,2,2022,Labasa,501,none,none,none,74,0,0,on time,private,92,1
P3824,Female,BIS,1,2022,Labasa,501,67,92,none,70,95,71,on time,private,96,1
P3825,Male,BIS,1,2022,Labasa,501,93,none,none,94,0,0,on time,sponsored,99,1
P3826,Male,BIS,2,2022,Labasa,501,67,91,none,93,62,0,on time,private,83,1
P3827,Female,BIS,2,2022,Labasa,501,none,none,none,87,64,72,on time,sponsored,82,1
P3828,Female,BIS,2,2022,Labasa,501,61,none,none,81,76,0,on time,sponsored,90,1
P3829,Male,BIS,2,2022,Labasa,501,4,none,none,40,28,5,late submission,sponsored,42,0
P3830,Male,BIS,2,2022,Labasa,501,none,none,none,79,87,66,on time,sponsored,97,1
P3831,Male,BIS,2,2022,Labasa,501,39,none,none,29,0,0,late submission,sponsored,51,0
P3832,Male,BIS,2,2022,Labasa,501,89,none,none,66,60,72,on time,sponsored,91,1
P3833,Female,BIS,2,2022,Labasa,501,none,none,none,63,0,0,on time,private,93,1
P3834,Female,BIS,1,2022,Labasa,501,78,none,none,63,75,0,on time,private,79,1
P3835,Male,BIS,1,2022,Labasa,501,none,90,none,81,0,0,on time,sponsored,76,1
P3836,Male,BIS,1,2022,Labasa,501,none,none,none,74,89,0,on time,sponsored,95,1
P3837,Female,BIS,2,2022,Labasa,501,none,64,none,61,95,0,on time,sponsored,75,1
P3838,Female,BIS,1,2022,Labasa,501,none,none,none,78,71,76,on time,private,99,1
P3839,Female,BIS,1,2022,Labasa,501,none,none,none,84,0,0,on time,sponsored,70,1
P3840,Female,BIS,1,2022,Labasa,501,93,none,none,69,68,0,on time,sponsored,81,1
P3841,Female,BIS,2,2022,Labasa,603,62,none,47.89,none,none,none,on time,sponsored,90,1
P3842,Male,BIS,2,2022,Labasa,603,3,none,22.03,none,none,none,late submission,sponsored,41,0
P3843,Female,BIS,1,2022,Labasa,603,13,none,25.46,none,none,none,late submission,private,74,0
P3844,Female,BIS,1,2022,Labasa,603,91,none,40.57,none,none,none,on time,private,82,1
P3845,Male,BIS,2,2022,Labasa,603,91,none,39.21,none,none,none,on time,private,86,1
P3846,Female,BIS,1,2022,Labasa,603,88,none,50.9,none,none,none,on time,sponsored,98,1
P3847,Female,BIS,1,2022,Labasa,603,70,none,53.06,none,none,none,on time,private,98,1
P3848,Female,BIS,2,2022,Labasa,603,78,none,38.34,none,none,none,on time,sponsored,74,1
P3849,Female,BIS,1,2022,Labasa,603,87,none,38.53,none,none,none,on time,private,84,1
P3850,Female,BIS,2,2022,Labasa,603,77,none,36.47,none,none,none,on time,private,85,1
P3851,Male,BIS,2,2022,Labasa,603,82,none,52.04,none,none,none,on time,sponsored,90,1
P3852,Female,BIS,1,2022,Labasa,603,7,none,2.5,none,none,none,late submission,sponsored,29,0
P3853,Male,BIS,1,2022,Labasa,603,76,none,34.08,none,none,none,on time,private,91,1
P3854,Female,BIS,1,2022,Labasa,603,60,none,48.1,none,none,none,on time,private,74,1
P3855,Female,BIS,2,2022,Labasa,603,52,none,20.3,none,none,none,late submission,private,51,0
P3856,Male,BIS,2,2022,Labasa,603,85,none,31.83,none,none,none,on time,sponsored,94,1
P3857,Male,BIS,2,2022,Labasa,603,89,none,35.22,none,none,none,on time,private,88,1
P3858,Male,BIS,2,2022,Labasa,603,13,none,15.35,none,none,none,late submission,private,54,0
P3859,Male,BIS,2,2022,Labasa,603,79,none,53.3,none,none,none,on time,sponsored,97,1
P3860,Male,BIS,2,2022,Labasa,603,14,none,14.67,none,none,none,late submission,private,45,0
P3861,Female,BIS,2,2022,Labasa,603,68,none,29.61,none,none,none,on time,sponsored,70,1
P3862,Female,BIS,2,2022,Labasa,603,4,none,18.71,none,none,none,late submission,private,26,0
P3863,Male,BIS,2,2022,Labasa,603,79,none,27.8,none,none,none,on time,private,88,1
P3864,Male,BIS,1,2022,Labasa,603,61,none,30.6,none,none,none,on time,private,92,1
P3865,Male,BIS,2,2022,Labasa,603,93,none,27.1,none,none,none,on time,private,77,1
P3866,Male,BIS,2,2022,Labasa,603,86,none,36.73,none,none,none,on time,private,75,1
P3867,Male,BIS,1,2022,Labasa,603,84,none,53.65,none,none,none,on time,sponsored,85,1
P3868,Male,BIS,1,2022,Labasa,603,52,none,24.84,none,none,none,late submission,private,39,0
P3869,Female,BIS,1,2022,Labasa,603,72,none,40.07,none,none,none,on time,private,100,1
P3870,Female,BIS,2,2022,Labasa,603,64,none,49.74,none,none,none,on time,private,74,1
P3871,Male,BIS,2,2022,Labasa,603,29,none,20.16,none,none,none,late submission,private,62,0
P3872,Male,BIS,2,2022,Labasa,603,82,none,46.01,none,none,none,on time,private,99,1
P3873,Female,BIS,2,2022,Labasa,603,86,none,32.47,none,none,none,on time,sponsored,95,1
P3874,Female,BIS,2,2022,Labasa,603,66,none,36.81,none,none,none,on time,sponsored,91,1
P3875,Male,BIS,1,2022,Labasa,603,40,none,18.82,none,none,none,late submission,private,20,0
P3876,Male,BIS,1,2022,Labasa,603,23,none,2.68,none,none,none,late submission,sponsored,52,0
P3877,Male,BIS,2,2022,Labasa,603,73,none,40.18,none,none,none,on time,private,75,1
P3878,Female,BIS,1,2022,Labasa,603,84,none,35.31,none,none,none,on time,private,92,1
P3879,Female,BIS,1,2022,Labasa,603,67,none,46.27,none,none,none,on time,private,70,1
P3880,Male,BIS,2,2022,Labasa,603,89,none,27.05,none,none,none,on time,private,84,1
P3881,Male,BIS,2,2022,Labasa,603,70,none,30.12,none,none,none,on time,private,96,1
P3882,Male,BIS,1,2022,Labasa,603,70,none,27.33,none,none,none,on time,private,73,1
P3883,Male,BIS,2,2022,Labasa,603,73,none,46.43,none,none,none,on time,sponsored,81,1
P3884,Male,BIS,2,2022,Labasa,603,84,none,45.71,none,none,none,on time,sponsored,96,1
P3885,Female,BIS,1,2022,Labasa,603,72,none,52.86,none,none,none,on time,private,71,1
P3886,Female,BIS,1,2022,Labasa,603,61,none,54.68,none,none,none,on time,private,70,1
P3887,Female,BIS,1,2022,Labasa,603,66,none,48.91,none,none,none,on time,sponsored,72,1
P3888,Male,BIS,1,2022,Labasa,603,80,none,34.68,none,none,none,on time,sponsored,86,1
P3889,Male,BIS,1,2022,Labasa,603,7,none,8.13,none,none,none,late submission,private,50,0
P3890,Male,BIS,2,2022,Labasa,603,80,none,25.36,none,none,none,on time,private,70,1
P3891,Male,BIS,2,2022,Labasa,603,83,none,26.32,none,none,none,on time,private,91,1
P3892,Male,BIS,2,2022,Labasa,603,66,none,46.38,none,none,none,on time,private,89,1
P3893,Male,BIS,2,2022,Labasa,603,43,none,32.36,none,none,none,late submission,private,41,0
P3894,Male,BIS,2,2022,Labasa,603,90,none,27.03,none,none,none,on time,private,94,1
P3895,Male,BIS,2,2022,Labasa,603,92,none,42.62,none,none,none,on time,sponsored,90,1
P3896,Male,BIS,1,2022,Labasa,603,79,none,32.09,none,none,none,on time,sponsored,94,1
P3897,Female,BIS,1,2022,Labasa,603,83,none,39.96,none,none,none,on time,sponsored,71,1
P3898,Male,BIS,1,2022,Labasa,603,75,none,52.7,none,none,none,on time,sponsored,90,1
P3899,Female,BIS,2,2022,Labasa,603,93,none,48.75,none,none,none,on time,sponsored,80,1
P3900,Female,BIS,2,2022,Labasa,603,21,none,8.48,none,none,none,late submission,private,29,0
P3901,Male,CERTIV IT,1,2022,Nasinu,410,33,none,none,20,0,40,late submission,private,28,0
P3902,Male,CERTIV IT,1,2022,Nasinu,410,3,none,none,40,9,8,late submission,sponsored,8,0
P3903,Male,CERTIV IT,1,2022,Nasinu,410,75,none,none,92,0,89,on time,sponsored,96,1
P3904,Female,CERTIV IT,1,2022,Nasinu,410,71,none,none,75,0,88,on time,private,77,1
P3905,Male,CERTIV IT,2,2022,Nasinu,410,23,none,none,25,24,30,late submission,sponsored,61,0
P3906,Female,CERTIV IT,2,2022,Nasinu,410,69,none,none,90,0,87,on time,private,93,1
P3907,Male,CERTIV IT,2,2022,Nasinu,410,76,none,none,84,0,89,on time,sponsored,74,1
P3908,Female,CERTIV IT,2,2022,Nasinu,410,81,none,none,68,90,69,on time,sponsored,85,1
P3909,Male,CERTIV IT,1,2022,Nasinu,410,91,none,none,85,0,83,on time,private,86,1
P3910,Female,CERTIV IT,2,2022,Nasinu,410,86,none,none,62,0,70,on time,sponsored,88,1
P3911,Male,CERTIV IT,2,2022,Nasinu,410,40,none,none,44,23,41,late submission,private,44,0
P3912,Female,CERTIV IT,2,2022,Nasinu,410,62,none,none,83,61,76,on time,private,77,1
P3913,Female,CERTIV IT,1,2022,Nasinu,410,60,none,none,67,0,85,on time,sponsored,89,1
P3914,Male,CERTIV IT,1,2022,Nasinu,410,16,none,none,44,0,37,late submission,private,21,0
P3915,Female,CERTIV IT,2,2022,Nasinu,410,40,none,none,36,0,52,late submission,sponsored,11,0
P3916,Male,CERTIV IT,2,2022,Nasinu,410,79,none,none,60,0,60,on time,private,99,1
P3917,Male,CERTIV IT,1,2022,Nasinu,410,41,none,none,18,0,10,late submission,private,53,0
P3918,Male,CERTIV IT,2,2022,Nasinu,410,91,none,none,71,92,88,on time,sponsored,74,1
P3919,Male,CERTIV IT,1,2022,Nasinu,410,72,none,none,76,0,66,on time,sponsored,93,1
P3920,Male,CERTIV IT,1,2022,Nasinu,410,77,none,none,64,81,75,on time,sponsored,82,1
P3921,Female,CERTIV IT,2,2022,Nasinu,410,63,none,none,77,60,66,on time,sponsored,73,1
P3922,Male,CERTIV IT,1,2022,Nasinu,410,91,none,none,90,0,81,on time,private,86,1
P3923,Female,CERTIV IT,2,2022,Nasinu,410,42,none,none,25,24,22,late submission,private,30,0
P3924,Female,CERTIV IT,1,2022,Nasinu,410,68,none,none,61,0,75,on time,private,97,1
P3925,Female,CERTIV IT,2,2022,Nasinu,410,92,none,none,86,72,80,on time,private,91,1
P3926,Male,CERTIV IT,2,2022,Nasinu,410,14,none,none,38,0,47,late submission,private,41,0
P3927,Male,CERTIV IT,2,2022,Nasinu,410,66,none,none,84,78,69,on time,private,99,1
P3928,Male,CERTIV IT,1,2022,Nasinu,410,95,none,none,89,0,67,on time,private,72,1
P3929,Female,CERTIV IT,1,2022,Nasinu,410,66,none,none,87,61,80,on time,sponsored,75,1
P3930,Female,CERTIV IT,2,2022,Nasinu,410,67,none,none,68,0,65,on time,private,78,1
P3931,Female,CERTIV IT,1,2022,Nasinu,410,24,none,none,45,0,41,late submission,private,8,0
P3932,Female,CERTIV IT,1,2022,Nasinu,410,65,none,none,67,0,72,on time,private,73,1
P3933,Male,CERTIV IT,2,2022,Nasinu,410,60,none,none,79,63,84,on time,private,80,1
P3934,Female,CERTIV IT,2,2022,Nasinu,410,6,none,none,25,0,20,late submission,sponsored,16,0
P3935,Male,CERTIV IT,2,2022,Nasinu,410,9,none,none,38,18,47,late submission,private,63,0
P3936,Male,CERTIV IT,2,2022,Nasinu,410,77,none,none,90,0,78,on time,sponsored,92,1
P3937,Female,CERTIV IT,1,2022,Nasinu,410,52,none,none,45,13,44,late submission,sponsored,42,0
P3938,Male,CERTIV IT,1,2022,Nasinu,410,52,none,none,42,54,1,late submission,private,50,0
P3939,Female,CERTIV IT,2,2022,Nasinu,410,85,none,none,85,0,78,on time,private,85,1
P3940,Male,CERTIV IT,2,2022,Nasinu,410,79,none,none,89,70,88,on time,sponsored,80,1
P3941,Female,CERTIV IT,2,2022,Nasinu,410,51,none,none,47,12,23,late submission,sponsored,26,0
P3942,Male,CERTIV IT,1,2022,Nasinu,410,63,none,none,66,0,71,on time,sponsored,83,1
P3943,Male,CERTIV IT,1,2022,Nasinu,410,9,none,none,40,0,15,late submission,private,43,0
P3944,Male,CERTIV IT,1,2022,Nasinu,410,71,none,none,84,0,84,on time,private,85,1
P3945,Female,CERTIV IT,2,2022,Nasinu,410,65,none,none,67,91,61,on time,sponsored,73,1
P3946,Female,CERTIV IT,2,2022,Nasinu,410,84,none,none,90,0,68,on time,sponsored,73,1
P3947,Male,CERTIV IT,2,2022,Nasinu,410,85,none,none,61,0,64,on time,sponsored,99,1
P3948,Male,CERTIV IT,1,2022,Nasinu,410,55,none,none,38,44,0,late submission,sponsored,15,0
P3949,Female,CERTIV IT,2,2022,Nasinu,410,70,none,none,65,0,62,on time,sponsored,74,1
P3950,Male,CERTIV IT,1,2022,Nasinu,410,87,none,none,60,0,62,on time,sponsored,81,1
P3951,Female,CERTIV IT,2,2022,Nasinu,410,93,none,none,82,94,66,on time,private,85,1
P3952,Male,CERTIV IT,1,2022,Nasinu,410,73,none,none,68,95,82,on time,private,74,1
P3953,Female,CERTIV IT,1,2022,Nasinu,410,95,none,none,76,0,70,on time,sponsored,83,1
P3954,Female,CERTIV IT,2,2022,Nasinu,410,69,none,none,94,73,77,on time,private,78,1
P3955,Male,CERTIV IT,2,2022,Nasinu,410,86,none,none,69,0,84,on time,sponsored,90,1
P3956,Male,CERTIV IT,1,2022,Nasinu,410,95,none,none,86,0,65,on time,sponsored,73,1
P3957,Female,CERTIV IT,2,2022,Nasinu,410,17,none,none,0,0,14,late submission,sponsored,18,0
P3958,Female,CERTIV IT,1,2022,Nasinu,410,33,none,none,46,0,6,late submission,sponsored,15,0
P3959,Female,CERTIV IT,2,2022,Nasinu,410,63,none,none,70,0,71,on time,sponsored,89,1
P3960,Female,CERTIV IT,2,2022,Nasinu,410,60,none,none,92,69,69,on time,private,74,1
P3961,Female,DIT,2,2022,Nasinu,411,75,none,86,89,none,71,on time,private,93,1
P3962,Female,DIT,2,2022,Nasinu,411,17,none,27,33,none,45,late submission,private,64,0
P3963,Male,DIT,2,2022,Nasinu,411,86,none,80,65,none,65,on time,private,72,1
P3964,Male,DIT,1,2022,Nasinu,411,5,none,47,18,none,35,late submission,sponsored,21,0
P3965,Female,DIT,1,2022,Nasinu,411,30,none,31,32,none,43,late submission,sponsored,54,0
P3966,Male,DIT,2,2022,Nasinu,411,87,none,94,82,none,75,on time,sponsored,76,1
P3967,Male,DIT,2,2022,Nasinu,411,11,none,4,23,none,53,late submission,sponsored,67,0
P3968,Male,DIT,2,2022,Nasinu,411,24,none,10,23,none,7,late submission,private,54,0
P3969,Female,DIT,1,2022,Nasinu,411,19,none,30,18,none,16,late submission,private,15,0
P3970,Male,DIT,1,2022,Nasinu,411,73,none,79,92,none,62,on time,private,88,1
P3971,Female,DIT,2,2022,Nasinu,411,81,none,79,82,none,66,on time,private,70,1
P3972,Male,DIT,2,2022,Nasinu,411,22,none,0,6,none,27,late submission,private,23,0
P3973,Female,DIT,1,2022,Nasinu,411,86,none,67,91,none,60,on time,sponsored,86,1
P3974,Male,DIT,2,2022,Nasinu,411,79,none,83,87,none,71,on time,private,82,1
P3975,Female,DIT,1,2022,Nasinu,411,8,none,22,47,none,27,late submission,sponsored,56,0
P3976,Male,DIT,2,2022,Nasinu,411,12,none,18,2,none,8,late submission,sponsored,25,0
P3977,Female,DIT,2,2022,Nasinu,411,70,none,72,90,none,77,on time,sponsored,98,1
P3978,Male,DIT,2,2022,Nasinu,411,80,none,85,92,none,84,on time,sponsored,85,1
P3979,Male,DIT,1,2022,Nasinu,411,9,none,22,32,none,0,late submission,sponsored,2,0
P3980,Male,DIT,1,2022,Nasinu,411,60,none,87,90,none,78,on time,private,80,1
P3981,Female,DIT,2,2022,Nasinu,411,69,none,92,71,none,75,on time,sponsored,83,1
P3982,Female,DIT,1,2022,Nasinu,411,12,none,30,45,none,50,late submission,private,31,0
P3983,Male,DIT,1,2022,Nasinu,411,74,none,67,68,none,85,on time,sponsored,97,1
P3984,Male,DIT,2,2022,Nasinu,411,1,none,39,12,none,5,late submission,private,18,0
P3985,Male,DIT,2,2022,Nasinu,411,74,none,81,87,none,90,on time,sponsored,79,1
P3986,Male,DIT,2,2022,Nasinu,411,77,none,83,77,none,82,on time,sponsored,79,1
P3987,Female,DIT,1,2022,Nasinu,411,62,none,60,63,none,80,on time,sponsored,71,1
P3988,Male,DIT,2,2022,Nasinu,411,87,none,71,76,none,91,on time,sponsored,99,1
P3989,Female,DIT,2,2022,Nasinu,411,95,none,68,81,none,83,on time,sponsored,73,1
P3990,Female,DIT,2,2022,Nasinu,411,84,none,65,66,none,68,on time,sponsored,78,1
P3991,Male,DIT,1,2022,Nasinu,411,72,none,88,66,none,64,on time,sponsored,99,1
P3992,Female,DIT,2,2022,Nasinu,411,94,none,69,62,none,68,on time,sponsored,94,1
P3993,Male,DIT,2,2022,Nasinu,411,83,none,88,67,none,87,on time,private,78,1
P3994,Male,DIT,2,2022,Nasinu,411,70,none,77,68,none,78,on time,sponsored,99,1
P3995,Male,DIT,1,2022,Nasinu,411,31,none,43,34,none,55,late submission,private,24,0
P3996,Male,DIT,1,2022,Nasinu,411,95,none,84,85,none,77,on time,private,86,1
P3997,Male,DIT,1,2022,Nasinu,411,60,none,92,89,none,92,on time,sponsored,88,1
P3998,Female,DIT,2,2022,Nasinu,411,35,none,7,10,none,14,late submission,private,37,0
P3999,Male,DIT,1,2022,Nasinu,411,77,none,68,77,none,63,on time,sponsored,90,1
P4000,Male,DIT,1,2022,Nasinu,411,83,none,80,65,none,95,on time,private,70,1
P4001,Female,DIT,1,2022,Nasinu,411,80,none,63,60,none,82,on time,private,89,1
P4002,Male,DIT,2,2022,Nasinu,411,84,none,76,95,none,73,on time,sponsored,70,1
P4003,Female,DIT,1,2022,Nasinu,411,69,none,88,74,none,87,on time,private,76,1
P4004,Female,DIT,1,2022,Nasinu,411,11,none,29,11,none,52,late submission,private,11,0
P4005,Male,DIT,1,2022,Nasinu,411,78,none,61,79,none,70,on time,sponsored,100,1
P4006,Male,DIT,2,2022,Nasinu,411,69,none,64,87,none,75,on time,sponsored,76,1
P4007,Female,DIT,2,2022,Nasinu,411,60,none,66,84,none,84,on time,sponsored,86,1
P4008,Male,DIT,1,2022,Nasinu,411,15,none,49,5,none,17,late submission,sponsored,5,0
P4009,Male,DIT,1,2022,Nasinu,411,34,none,47,52,none,21,late submission,sponsored,1,0
P4010,Male,DIT,1,2022,Nasinu,411,70,none,79,81,none,90,on time,private,94,1
P4011,Male,DIT,1,2022,Nasinu,411,94,none,67,61,none,62,on time,private,92,1
P4012,Male,DIT,2,2022,Nasinu,411,69,none,60,74,none,61,on time,private,98,1
P4013,Male,DIT,2,2022,Nasinu,411,74,none,84,67,none,91,on time,private,81,1
P4014,Male,DIT,1,2022,Nasinu,411,82,none,64,81,none,67,on time,private,100,1
P4015,Female,DIT,1,2022,Nasinu,411,27,none,33,21,none,38,late submission,sponsored,19,0
P4016,Male,DIT,2,2022,Nasinu,411,78,none,82,66,none,77,on time,private,91,1
P4017,Female,DIT,2,2022,Nasinu,411,55,none,9,49,none,41,late submission,sponsored,9,0
P4018,Male,DIT,2,2022,Nasinu,411,64,none,67,87,none,77,on time,private,84,1
P4019,Male,DIT,1,2022,Nasinu,411,84,none,82,80,none,91,on time,sponsored,74,1
P4020,Female,DIT,2,2022,Nasinu,411,68,none,75,84,none,86,on time,private,83,1
P4021,Female,DIT,2,2022,Nasinu,413,84,65,86,93,none,none,on time,sponsored,96,1
P4022,Male,DIT,1,2022,Nasinu,413,61,83,95,90,none,none,on time,sponsored,70,1
P4023,Male,DIT,1,2022,Nasinu,413,68,78,89,69,none,none,on time,private,81,1
P4024,Female,DIT,1,2022,Nasinu,413,68,67,69,84,none,none,on time,sponsored,77,1
P4025,Male,DIT,2,2022,Nasinu,413,64,90,70,61,none,none,on time,sponsored,92,1
P4026,Male,DIT,2,2022,Nasinu,413,60,86,69,71,none,none,on time,sponsored,77,1
P4027,Female,DIT,1,2022,Nasinu,413,90,86,81,88,none,none,on time,private,92,1
P4028,Male,DIT,2,2022,Nasinu,413,71,92,70,60,none,none,on time,sponsored,71,1
P4029,Female,DIT,2,2022,Nasinu,413,95,76,92,79,none,none,on time,private,98,1
P4030,Male,DIT,2,2022,Nasinu,413,33,24,8,47,none,none,late submission,sponsored,34,0
P4031,Male,DIT,2,2022,Nasinu,413,71,95,64,89,none,none,on time,private,77,1
P4032,Female,DIT,2,2022,Nasinu,413,70,63,83,87,none,none,on time,private,82,1
P4033,Male,DIT,2,2022,Nasinu,413,81,61,75,78,none,none,on time,private,72,1
P4034,Male,DIT,1,2022,Nasinu,413,79,72,95,72,none,none,on time,sponsored,89,1
P4035,Male,DIT,1,2022,Nasinu,413,90,62,63,80,none,none,on time,sponsored,88,1
P4036,Male,DIT,2,2022,Nasinu,413,85,92,72,80,none,none,on time,private,81,1
P4037,Female,DIT,2,2022,Nasinu,413,26,47,32,6,none,none,late submission,private,12,0
P4038,Male,DIT,1,2022,Nasinu,413,62,78,70,69,none,none,on time,private,82,1
P4039,Female,DIT,1,2022,Nasinu,413,13,51,43,41,none,none,late submission,sponsored,11,0
P4040,Male,DIT,1,2022,Nasinu,413,28,50,8,21,none,none,late submission,private,64,0
P4041,Female,DIT,2,2022,Nasinu,413,62,84,75,73,none,none,on time,private,100,1
P4042,Male,DIT,1,2022,Nasinu,413,60,69,79,95,none,none,on time,sponsored,85,1
P4043,Male,DIT,2,2022,Nasinu,413,78,70,64,77,none,none,on time,sponsored,80,1
P4044,Female,DIT,2,2022,Nasinu,413,76,90,76,88,none,none,on time,private,75,1
P4045,Male,DIT,1,2022,Nasinu,413,23,54,18,25,none,none,late submission,sponsored,62,0
P4046,Female,DIT,1,2022,Nasinu,413,83,65,86,92,none,none,on time,private,86,1
P4047,Female,DIT,2,2022,Nasinu,413,47,50,15,44,none,none,late submission,sponsored,5,0
P4048,Male,DIT,1,2022,Nasinu,413,10,36,25,54,none,none,late submission,private,37,0
P4049,Male,DIT,1,2022,Nasinu,413,82,89,89,94,none,none,on time,sponsored,84,1
P4050,Female,DIT,1,2022,Nasinu,413,85,87,72,85,none,none,on time,sponsored,93,1
P4051,Female,DIT,1,2022,Nasinu,413,73,90,67,77,none,none,on time,private,89,1
P4052,Female,DIT,1,2022,Nasinu,413,69,73,80,62,none,none,on time,private,100,1
P4053,Female,DIT,1,2022,Nasinu,413,30,13,3,13,none,none,late submission,private,46,0
P4054,Male,DIT,2,2022,Nasinu,413,65,69,64,77,none,none,on time,sponsored,90,1
P4055,Female,DIT,1,2022,Nasinu,413,86,93,73,76,none,none,on time,private,92,1
P4056,Male,DIT,1,2022,Nasinu,413,81,79,70,72,none,none,on time,private,98,1
P4057,Female,DIT,2,2022,Nasinu,413,87,82,84,60,none,none,on time,sponsored,87,1
P4058,Male,DIT,1,2022,Nasinu,413,80,80,60,69,none,none,on time,sponsored,88,1
P4059,Female,DIT,1,2022,Nasinu,413,86,76,93,60,none,none,on time,sponsored,80,1
P4060,Female,DIT,1,2022,Nasinu,413,62,73,72,86,none,none,on time,sponsored,90,1
P4061,Male,DIT,2,2022,Nasinu,413,60,83,83,61,none,none,on time,sponsored,76,1
P4062,Female,DIT,2,2022,Nasinu,413,91,89,86,86,none,none,on time,sponsored,97,1
P4063,Female,DIT,2,2022,Nasinu,413,7,11,29,27,none,none,late submission,private,54,0
P4064,Female,DIT,1,2022,Nasinu,413,84,78,87,78,none,none,on time,private,75,1
P4065,Male,DIT,1,2022,Nasinu,413,41,1,39,26,none,none,late submission,sponsored,13,0
P4066,Male,DIT,2,2022,Nasinu,413,88,92,62,78,none,none,on time,sponsored,89,1
P4067,Female,DIT,1,2022,Nasinu,413,67,72,90,67,none,none,on time,private,84,1
P4068,Female,DIT,2,2022,Nasinu,413,60,83,74,92,none,none,on time,private,96,1
P4069,Female,DIT,2,2022,Nasinu,413,53,50,26,43,none,none,late submission,private,33,0
P4070,Male,DIT,1,2022,Nasinu,413,0,1,9,50,none,none,late submission,sponsored,53,0
P4071,Female,DIT,2,2022,Nasinu,413,75,95,85,72,none,none,on time,private,100,1
P4072,Female,DIT,1,2022,Nasinu,413,8,40,24,46,none,none,late submission,private,73,0
P4073,Male,DIT,2,2022,Nasinu,413,27,14,6,45,none,none,late submission,sponsored,66,0
P4074,Male,DIT,1,2022,Nasinu,413,76,95,70,80,none,none,on time,private,95,1
P4075,Male,DIT,1,2022,Nasinu,413,69,61,94,65,none,none,on time,sponsored,83,1
P4076,Female,DIT,1,2022,Nasinu,413,82,71,75,74,none,none,on time,private,74,1
P4077,Female,DIT,1,2022,Nasinu,413,76,63,77,65,none,none,on time,private,77,1
P4078,Male,DIT,1,2022,Nasinu,413,67,89,67,66,none,none,on time,sponsored,88,1
P4079,Male,DIT,2,2022,Nasinu,413,64,91,83,73,none,none,on time,sponsored,75,1
P4080,Female,DIT,1,2022,Nasinu,413,64,91,64,73,none,none,on time,private,70,1
P4081,Female,BIS,2,2022,Nasinu,501,11,none,none,42,36,0,late submission,sponsored,57,0
P4082,Female,BIS,2,2022,Nasinu,501,10,none,none,38,1,33,late submission,sponsored,69,0
P4083,Male,BIS,2,2022,Nasinu,501,none,none,none,68,0,90,on time,sponsored,76,1
P4084,Male,BIS,2,2022,Nasinu,501,89,87,none,72,76,0,on time,private,90,1
P4085,Female,BIS,1,2022,Nasinu,501,none,91,none,88,0,80,on time,private,94,1
P4086,Female,BIS,2,2022,Nasinu,501,64,none,none,92,0,0,on time,private,81,1
P4087,Female,BIS,1,2022,Nasinu,501,none,none,none,64,0,83,on time,private,95,1
P4088,Female,BIS,1,2022,Nasinu,501,none,89,none,74,95,0,on time,sponsored,92,1
P4089,Male,BIS,1,2022,Nasinu,501,86,80,none,72,72,0,on time,sponsored,78,1
P4090,Male,BIS,2,2022,Nasinu,501,70,none,none,61,78,0,on time,private,73,1
P4091,Female,BIS,1,2022,Nasinu,501,none,none,none,4,30,0,late submission,sponsored,51,0
P4092,Female,BIS,2,2022,Nasinu,501,65,none,none,85,0,91,on time,private,81,1
P4093,Female,BIS,1,2022,Nasinu,501,none,80,none,74,70,0,on time,sponsored,71,1
P4094,Male,BIS,1,2022,Nasinu,501,none,none,none,76,0,77,on time,sponsored,95,1
P4095,Male,BIS,2,2022,Nasinu,501,86,none,none,90,0,0,on time,sponsored,80,1
P4096,Male,BIS,1,2022,Nasinu,501,none,none,none,64,91,73,on time,sponsored,79,1
P4097,Male,BIS,2,2022,Nasinu,501,6,13,none,48,0,41,late submission,private,24,0
P4098,Male,BIS,1,2022,Nasinu,501,none,none,none,64,0,0,on time,private,81,1
P4099,Male,BIS,1,2022,Nasinu,501,none,none,none,77,0,0,on time,sponsored,73,1
P4100,Female,BIS,2,2022,Nasinu,501,82,none,none,85,0,0,on time,sponsored,87,1
P4101,Male,BIS,2,2022,Nasinu,501,84,72,none,72,85,0,on time,sponsored,73,1
P4102,Female,BIS,1,2022,Nasinu,501,none,none,none,62,77,64,on time,sponsored,90,1
P4103,Female,BIS,1,2022,Nasinu,501,none,14,none,31,13,50,late submission,private,51,0
P4104,Female,BIS,2,2022,Nasinu,501,none,92,none,79,75,80,on time,sponsored,79,1
P4105,Male,BIS,1,2022,Nasinu,501,60,87,none,61,0,64,on time,sponsored,84,1
P4106,Male,BIS,2,2022,Nasinu,501,none,none,none,2,52,0,late submission,sponsored,74,0
P4107,Male,BIS,1,2022,Nasinu,501,19,28,none,47,0,0,late submission,sponsored,12,0
P4108,Female,BIS,2,2022,Nasinu,501,79,93,none,67,77,0,on time,private,96,1
P4109,Male,BIS,1,2022,Nasinu,501,87,none,none,72,84,0,on time,sponsored,70,1
P4110,Male,BIS,2,2022,Nasinu,501,25,17,none,12,0,53,late submission,private,44,0
P4111,Female,BIS,2,2022,Nasinu,501,none,60,none,69,89,0,on time,private,95,1
P4112,Male,BIS,2,2022,Nasinu,501,60,none,none,78,67,0,on time,private,72,1
P4113,Male,BIS,2,2022,Nasinu,501,63,68,none,78,92,0,on time,sponsored,96,1
P4114,Male,BIS,1,2022,Nasinu,501,none,62,none,82,0,0,on time,sponsored,99,1
P4115,Male,BIS,2,2022,Nasinu,501,36,43,none,51,37,43,late submission,sponsored,39,0
P4116,Female,BIS,1,2022,Nasinu,501,none,79,none,94,0,87,on time,private,76,1
P4117,Male,BIS,2,2022,Nasinu,501,89,87,none,86,0,61,on time,private,86,1
P4118,Female,BIS,1,2022,Nasinu,501,37,8,none,3,0,0,late submission,sponsored,38,0
P4119,Male,BIS,2,2022,Nasinu,501,none,none,none,17,53,21,late submission,private,66,0
P4120,Female,BIS,2,2022,Nasinu,501,none,none,none,95,91,74,on time,sponsored,97,1
P4121,Female,BIS,2,2022,Nasinu,501,none,none,none,60,69,93,on time,sponsored,99,1
P4122,Male,BIS,1,2022,Nasinu,501,none,67,none,85,90,0,on time,private,70,1
P4123,Female,BIS,1,2022,Nasinu,501,none,none,none,92,94,0,on time,sponsored,90,1
P4124,Female,BIS,2,2022,Nasinu,501,83,85,none,66,0,87,on time,private,100,1
P4125,Male,BIS,2,2022,Nasinu,501,60,62,none,62,82,0,on time,private,88,1
P4126,Female,BIS,1,2022,Nasinu,501,22,none,none,11,41,0,late submission,sponsored,45,0
P4127,Female,BIS,1,2022,Nasinu,501,none,90,none,90,0,0,on time,private,94,1
P4128,Female,BIS,2,2022,Nasinu,501,none,66,none,90,80,75,on time,sponsored,70,1
P4129,Male,BIS,2,2022,Nasinu,501,3,none,none,54,47,0,late submission,sponsored,53,0
P4130,Male,BIS,1,2022,Nasinu,501,none,none,none,72,0,0,on time,private,92,1
P4131,Male,BIS,1,2022,Nasinu,501,none,none,none,62,68,0,on time,sponsored,83,1
P4132,Male,BIS,2,2022,Nasinu,501,none,90,none,82,95,0,on time,private,93,1
P4133,Female,BIS,2,2022,Nasinu,501,8,none,none,31,14,0,late submission,sponsored,72,0
P4134,Male,BIS,1,2022,Nasinu,501,24,none,none,18,4,0,late submission,private,37,0
P4135,Female,BIS,1,2022,Nasinu,501,90,none,none,81,0,0,on time,sponsored,98,1
P4136,Male,BIS,1,2022,Nasinu,501,none,none,none,62,82,86,on time,private,96,1
P4137,Female,BIS,1,2022,Nasinu,501,62,none,none,82,0,79,on time,sponsored,71,1
P4138,Male,BIS,1,2022,Nasinu,501,94,61,none,63,0,0,on time,sponsored,95,1
P4139,Female,BIS,1,2022,Nasinu,501,none,81,none,63,75,65,on time,private,73,1
P4140,Male,BIS,2,2022,Nasinu,501,none,none,none,63,0,0,on time,sponsored,98,1
P4141,Male,BIS,2,2022,Nasinu,603,78,none,28.89,none,none,none,on time,sponsored,90,1
P4142,Female,BIS,2,2022,Nasinu,603,64,none,32.51,none,none,none,on time,sponsored,91,1
P4143,Male,BIS,2,2022,Nasinu,603,74,none,38.31,none,none,none,on time,private,96,1
P4144,Female,BIS,2,2022,Nasinu,603,33,none,31.25,none,none,none,late submission,sponsored,37,0
P4145,Female,BIS,1,2022,Nasinu,603,91,none,33.39,none,none,none,on time,private,98,1
P4146,Male,BIS,1,2022,Nasinu,603,19,none,25.97,none,none,none,late submission,sponsored,66,0
P4147,Male,BIS,1,2022,Nasinu,603,62,none,54.34,none,none,none,on time,sponsored,96,1
P4148,Female,BIS,2,2022,Nasinu,603,53,none,1.18,none,none,none,late submission,private,2,0
P4149,Female,BIS,2,2022,Nasinu,603,63,none,33.37,none,none,none,on time,sponsored,100,1
P4150,Female,BIS,2,2022,Nasinu,603,88,none,26.33,none,none,none,on time,private,82,1
P4151,Male,BIS,2,2022,Nasinu,603,79,none,25.94,none,none,none,on time,sponsored,83,1
P4152,Female,BIS,1,2022,Nasinu,603,51,none,26.37,none,none,none,late submission,private,43,0
P4153,Male,BIS,1,2022,Nasinu,603,87,none,48.48,none,none,none,on time,private,96,1
P4154,Male,BIS,1,2022,Nasinu,603,94,none,38.91,none,none,none,on time,private,100,1
P4155,Female,BIS,1,2022,Nasinu,603,8,none,31.77,none,none,none,late submission,sponsored,59,0
P4156,Female,BIS,2,2022,Nasinu,603,81,none,42.13,none,none,none,on time,private,77,1
P4157,Male,BIS,2,2022,Nasinu,603,60,none,28.73,none,none,none,on time,private,91,1
P4158,Female,BIS,2,2022,Nasinu,603,1,none,15.4,none,none,none,late submission,private,56,0
P4159,Female,BIS,1,2022,Nasinu,603,26,none,2.05,none,none,none,late submission,sponsored,61,0
P4160,Male,BIS,2,2022,Nasinu,603,4,none,15.42,none,none,none,late submission,private,70,0
P4161,Female,BIS,2,2022,Nasinu,603,74,none,43.91,none,none,none,on time,sponsored,85,1
P4162,Male,BIS,1,2022,Nasinu,603,71,none,45.53,none,none,none,on time,sponsored,90,1
P4163,Female,BIS,2,2022,Nasinu,603,63,none,53.55,none,none,none,on time,sponsored,92,1
P4164,Female,BIS,2,2022,Nasinu,603,94,none,46.55,none,none,none,on time,private,97,1
P4165,Male,BIS,2,2022,Nasinu,603,67,none,40.33,none,none,none,on time,private,86,1
P4166,Male,BIS,1,2022,Nasinu,603,64,none,44.26,none,none,none,on time,private,81,1
P4167,Female,BIS,1,2022,Nasinu,603,81,none,54.25,none,none,none,on time,private,89,1
P4168,Female,BIS,2,2022,Nasinu,603,10,none,12.89,none,none,none,late submission,sponsored,37,0
P4169,Female,BIS,1,2022,Nasinu,603,38,none,7.4,none,none,none,late submission,sponsored,3,0
P4170,Female,BIS,2,2022,Nasinu,603,42,none,25.42,none,none,none,late submission,sponsored,48,0
P4171,Female,BIS,1,2022,Nasinu,603,34,none,25.66,none,none,none,late submission,private,28,0
P4172,Male,BIS,2,2022,Nasinu,603,80,none,33.08,none,none,none,on time,private,86,1
P4173,Female,BIS,1,2022,Nasinu,603,74,none,38.67,none,none,none,on time,private,95,1
P4174,Male,BIS,1,2022,Nasinu,603,83,none,27.39,none,none,none,on time,private,100,1
P4175,Male,BIS,2,2022,Nasinu,603,88,none,48.59,none,none,none,on time,sponsored,89,1
P4176,Male,BIS,1,2022,Nasinu,603,43,none,20.47,none,none,none,late submission,private,31,0
P4177,Male,BIS,2,2022,Nasinu,603,7,none,2.85,none,none,none,late submission,private,43,0
P4178,Female,BIS,1,2022,Nasinu,603,71,none,51.29,none,none,none,on time,sponsored,90,1
P4179,Male,BIS,1,2022,Nasinu,603,66,none,28.79,none,none,none,on time,private,78,1
P4180,Male,BIS,2,2022,Nasinu,603,68,none,40.45,none,none,none,on time,sponsored,75,1
P4181,Female,BIS,2,2022,Nasinu,603,78,none,28.57,none,none,none,on time,sponsored,82,1
P4182,Female,BIS,1,2022,Nasinu,603,47,none,32.23,none,none,none,late submission,sponsored,5,0
P4183,Female,BIS,2,2022,Nasinu,603,78,none,47.73,none,none,none,on time,private,93,1
P4184,Male,BIS,1,2022,Nasinu,603,69,none,51.87,none,none,none,on time,sponsored,88,1
P4185,Female,BIS,2,2022,Nasinu,603,92,none,46.68,none,none,none,on time,sponsored,84,1
P4186,Female,BIS,1,2022,Nasinu,603,63,none,41.92,none,none,none,on time,private,85,1
P4187,Female,BIS,2,2022,Nasinu,603,69,none,26.26,none,none,none,on time,sponsored,80,1
P4188,Male,BIS,2,2022,Nasinu,603,66,none,35.42,none,none,none,on time,private,88,1
P4189,Male,BIS,1,2022,Nasinu,603,74,none,51.56,none,none,none,on time,private,85,1
P4190,Female,BIS,2,2022,Nasinu,603,42,none,9.75,none,none,none,late submission,sponsored,13,0
P4191,Male,BIS,1,2022,Nasinu,603,61,none,42.95,none,none,none,on time,sponsored,86,1
P4192,Male,BIS,1,2022,Nasinu,603,83,none,31.09,none,none,none,on time,sponsored,96,1
P4193,Female,BIS,2,2022,Nasinu,603,78,none,52.54,none,none,none,on time,private,96,1
P4194,Male,BIS,2,2022,Nasinu,603,5,none,30.26,none,none,none,late submission,private,63,0
P4195,Female,BIS,1,2022,Nasinu,603,46,none,2.6,none,none,none,late submission,sponsored,10,0
P4196,Male,BIS,2,2022,Nasinu,603,80,none,51.77,none,none,none,on time,sponsored,90,1
P4197,Male,BIS,2,2022,Nasinu,603,72,none,50.24,none,none,none,on time,private,92,1
P4198,Male,BIS,1,2022,Nasinu,603,74,none,45.2,none,none,none,on time,private,88,1
P4199,Female,BIS,2,2022,Nasinu,603,91,none,33.48,none,none,none,on time,sponsored,96,1
P4200,Male,BIS,1,2022,Nasinu,603,27,none,2.35,none,none,none,late submission,sponsored,27,0
P4201,Male,CERTIV IT,1,2023,Labasa,410,84,none,none,75,0,93,on time,private,92,1
P4202,Male,CERTIV IT,2,2023,Labasa,410,31,none,none,50,0,38,late submission,private,37,0
P4203,Female,CERTIV IT,2,2023,Labasa,410,78,none,none,86,0,75,on time,sponsored,77,1
P4204,Female,CERTIV IT,1,2023,Labasa,410,67,none,none,82,85,90,on time,private,100,1
P4205,Female,CERTIV IT,2,2023,Labasa,410,77,none,none,92,0,63,on time,private,70,1
P4206,Female,CERTIV IT,2,2023,Labasa,410,88,none,none,87,0,63,on time,private,83,1
P4207,Female,CERTIV IT,2,2023,Labasa,410,79,none,none,88,86,70,on time,sponsored,80,1
P4208,Male,CERTIV IT,1,2023,Labasa,410,38,none,none,34,1,51,late submission,sponsored,42,0
P4209,Female,CERTIV IT,1,2023,Labasa,410,49,none,none,49,35,41,late submission,private,42,0
P4210,Male,CERTIV IT,1,2023,Labasa,410,94,none,none,85,0,70,on time,sponsored,76,1
P4211,Female,CERTIV IT,2,2023,Labasa,410,60,none,none,62,61,92,on time,sponsored,87,1
P4212,Female,CERTIV IT,2,2023,Labasa,410,61,none,none,74,75,77,on time,private,79,1
P4213,Male,CERTIV IT,2,2023,Labasa,410,65,none,none,64,0,61,on time,private,74,1
P4214,Male,CERTIV IT,1,2023,Labasa,410,72,none,none,79,0,92,on time,private,88,1
P4215,Male,CERTIV IT,2,2023,Labasa,410,76,none,none,90,0,87,on time,sponsored,76,1
P4216,Male,CERTIV IT,1,2023,Labasa,410,30,none,none,18,44,24,late submission,private,71,0
P4217,Male,CERTIV IT,2,2023,Labasa,410,94,none,none,66,88,61,on time,private,100,1
P4218,Female,CERTIV IT,1,2023,Labasa,410,79,none,none,81,69,66,on time,sponsored,85,1
P4219,Male,CERTIV IT,1,2023,Labasa,410,5,none,none,9,0,33,late submission,sponsored,62,0
P4220,Male,CERTIV IT,1,2023,Labasa,410,19,none,none,47,21,2,late submission,private,32,0
P4221,Female,CERTIV IT,2,2023,Labasa,410,48,none,none,35,0,34,late submission,sponsored,34,0
P4222,Female,CERTIV IT,2,2023,Labasa,410,29,none,none,45,30,6,late submission,private,30,0
P4223,Female,CERTIV IT,1,2023,Labasa,410,70,none,none,93,67,72,on time,sponsored,94,1
P4224,Female,CERTIV IT,1,2023,Labasa,410,70,none,none,93,91,95,on time,private,83,1
P4225,Female,CERTIV IT,2,2023,Labasa,410,78,none,none,77,0,83,on time,private,73,1
P4226,Male,CERTIV IT,1,2023,Labasa,410,83,none,none,93,0,89,on time,sponsored,91,1
P4227,Male,CERTIV IT,2,2023,Labasa,410,33,none,none,45,0,0,late submission,sponsored,17,0
P4228,Female,CERTIV IT,2,2023,Labasa,410,60,none,none,79,72,66,on time,sponsored,85,1
P4229,Female,CERTIV IT,2,2023,Labasa,410,70,none,none,64,82,82,on time,private,89,1
P4230,Male,CERTIV IT,1,2023,Labasa,410,79,none,none,83,0,95,on time,private,96,1
P4231,Male,CERTIV IT,1,2023,Labasa,410,77,none,none,71,76,68,on time,sponsored,73,1
P4232,Female,CERTIV IT,2,2023,Labasa,410,90,none,none,73,70,74,on time,private,97,1
P4233,Male,CERTIV IT,1,2023,Labasa,410,10,none,none,30,55,20,late submission,sponsored,18,0
P4234,Male,CERTIV IT,1,2023,Labasa,410,87,none,none,90,0,92,on time,private,95,1
P4235,Male,CERTIV IT,1,2023,Labasa,410,90,none,none,82,0,93,on time,private,82,1
P4236,Male,CERTIV IT,1,2023,Labasa,410,53,none,none,27,0,31,late submission,sponsored,35,0
P4237,Female,CERTIV IT,1,2023,Labasa,410,71,none,none,61,0,82,on time,private,83,1
P4238,Female,CERTIV IT,1,2023,Labasa,410,84,none,none,83,71,72,on time,sponsored,98,1
P4239,Female,CERTIV IT,2,2023,Labasa,410,81,none,none,66,0,92,on time,private,70,1
P4240,Male,CERTIV IT,2,2023,Labasa,410,85,none,none,62,0,63,on time,private,78,1
P4241,Male,CERTIV IT,2,2023,Labasa,410,11,none,none,30,47,2,late submission,private,58,0
P4242,Female,CERTIV IT,1,2023,Labasa,410,71,none,none,68,0,67,on time,sponsored,92,1
P4243,Male,CERTIV IT,2,2023,Labasa,410,66,none,none,94,77,61,on time,private,71,1
P4244,Female,CERTIV IT,2,2023,Labasa,410,33,none,none,0,0,26,late submission,private,21,0
P4245,Male,CERTIV IT,1,2023,Labasa,410,77,none,none,65,0,62,on time,sponsored,94,1
P4246,Female,CERTIV IT,1,2023,Labasa,410,60,none,none,79,0,67,on time,sponsored,83,1
P4247,Female,CERTIV IT,2,2023,Labasa,410,89,none,none,65,67,71,on time,sponsored,92,1
P4248,Male,CERTIV IT,1,2023,Labasa,410,70,none,none,60,0,89,on time,sponsored,90,1
P4249,Male,CERTIV IT,1,2023,Labasa,410,68,none,none,79,0,78,on time,sponsored,91,1
P4250,Male,CERTIV IT,2,2023,Labasa,410,74,none,none,72,77,71,on time,private,80,1
P4251,Female,CERTIV IT,2,2023,Labasa,410,91,none,none,82,0,93,on time,sponsored,78,1
P4252,Female,CERTIV IT,1,2023,Labasa,410,69,none,none,94,0,82,on time,private,96,1
P4253,Female,CERTIV IT,1,2023,Labasa,410,65,none,none,92,0,73,on time,private,100,1
P4254,Female,CERTIV IT,2,2023,Labasa,410,90,none,none,68,0,83,on time,sponsored,73,1
P4255,Female,CERTIV IT,1,2023,Labasa,410,60,none,none,70,0,81,on time,private,73,1
P4256,Female,CERTIV IT,1,2023,Labasa,410,70,none,none,89,94,61,on time,private,81,1
P4257,Female,CERTIV IT,2,2023,Labasa,410,85,none,none,90,0,83,on time,private,92,1
P4258,Female,CERTIV IT,2,2023,Labasa,410,74,none,none,92,0,87,on time,sponsored,79,1
P4259,Female,CERTIV IT,2,2023,Labasa,410,79,none,none,93,72,68,on time,sponsored,75,1
P4260,Female,CERTIV IT,1,2023,Labasa,410,51,none,none,22,0,10,late submission,sponsored,39,0
P4261,Female,DIT,1,2023,Labasa,411,79,none,79,65,none,71,on time,sponsored,76,1
P4262,Male,DIT,1,2023,Labasa,411,69,none,95,83,none,60,on time,sponsored,93,1
P4263,Female,DIT,1,2023,Labasa,411,73,none,90,84,none,89,on time,private,85,1
P4264,Male,DIT,1,2023,Labasa,411,85,none,80,78,none,87,on time,sponsored,80,1
P4265,Female,DIT,1,2023,Labasa,411,74,none,71,75,none,83,on time,sponsored,91,1
P4266,Female,DIT,2,2023,Labasa,411,64,none,74,68,none,91,on time,private,70,1
P4267,Male,DIT,1,2023,Labasa,411,81,none,84,71,none,87,on time,sponsored,83,1
P4268,Male,DIT,2,2023,Labasa,411,62,none,76,86,none,71,on time,private,91,1
P4269,Male,DIT,2,2023,Labasa,411,89,none,65,82,none,66,on time,sponsored,96,1
P4270,Female,DIT,1,2023,Labasa,411,89,none,60,91,none,85,on time,private,74,1
P4271,Female,DIT,1,2023,Labasa,411,88,none,92,83,none,90,on time,sponsored,78,1
P4272,Female,DIT,2,2023,Labasa,411,94,none,84,65,none,69,on time,private,75,1
P4273,Male,DIT,2,2023,Labasa,411,12,none,32,52,none,39,late submission,private,75,0
P4274,Female,DIT,2,2023,Labasa,411,67,none,91,89,none,83,on time,sponsored,79,1
P4275,Male,DIT,2,2023,Labasa,411,61,none,94,77,none,71,on time,private,80,1
P4276,Female,DIT,2,2023,Labasa,411,79,none,62,67,none,82,on time,private,84,1
P4277,Male,DIT,2,2023,Labasa,411,68,none,69,91,none,87,on time,sponsored,72,1
P4278,Female,DIT,2,2023,Labasa,411,2,none,4,20,none,23,late submission,private,31,0
P4279,Male,DIT,1,2023,Labasa,411,84,none,92,65,none,81,on time,sponsored,93,1
P4280,Female,DIT,2,2023,Labasa,411,65,none,87,67,none,72,on time,private,75,1
P4281,Female,DIT,2,2023,Labasa,411,63,none,83,90,none,73,on time,sponsored,87,1
P4282,Female,DIT,2,2023,Labasa,411,77,none,92,62,none,85,on time,sponsored,94,1
P4283,Male,DIT,2,2023,Labasa,411,61,none,86,68,none,77,on time,sponsored,83,1
P4284,Female,DIT,2,2023,Labasa,411,66,none,74,74,none,61,on time,private,90,1
P4285,Female,DIT,1,2023,Labasa,411,86,none,81,94,none,84,on time,private,79,1
P4286,Female,DIT,1,2023,Labasa,411,88,none,69,89,none,91,on time,private,80,1
P4287,Male,DIT,1,2023,Labasa,411,62,none,65,91,none,95,on time,private,78,1
P4288,Female,DIT,1,2023,Labasa,411,79,none,78,80,none,88,on time,private,86,1
P4289,Female,DIT,1,2023,Labasa,411,82,none,87,86,none,61,on time,sponsored,88,1
P4290,Female,DIT,2,2023,Labasa,411,24,none,38,54,none,7,late submission,sponsored,48,0
P4291,Male,DIT,2,2023,Labasa,411,71,none,70,85,none,95,on time,private,73,1
P4292,Female,DIT,2,2023,Labasa,411,20,none,49,23,none,40,late submission,private,53,0
P4293,Male,DIT,2,2023,Labasa,411,74,none,85,91,none,89,on time,private,87,1
P4294,Female,DIT,2,2023,Labasa,411,85,none,78,60,none,94,on time,sponsored,97,1
P4295,Female,DIT,2,2023,Labasa,411,84,none,86,86,none,86,on time,sponsored,91,1
P4296,Male,DIT,1,2023,Labasa,411,86,none,61,80,none,75,on time,sponsored,74,1
P4297,Male,DIT,2,2023,Labasa,411,61,none,84,95,none,92,on time,private,100,1
P4298,Male,DIT,1,2023,Labasa,411,71,none,90,72,none,80,on time,sponsored,93,1
P4299,Male,DIT,2,2023,Labasa,411,89,none,89,75,none,88,on time,sponsored,70,1
P4300,Male,DIT,1,2023,Labasa,411,51,none,38,53,none,21,late submission,sponsored,64,0
P4301,Male,DIT,1,2023,Labasa,411,60,none,62,86,none,93,on time,sponsored,100,1
P4302,Female,DIT,2,2023,Labasa,411,94,none,67,94,none,61,on time,private,83,1
P4303,Female,DIT,2,2023,Labasa,411,51,none,25,53,none,52,late submission,private,7,0
P4304,Male,DIT,2,2023,Labasa,411,87,none,67,66,none,69,on time,private,99,1
P4305,Female,DIT,1,2023,Labasa,411,81,none,69,75,none,90,on time,private,81,1
P4306,Male,DIT,2,2023,Labasa,411,89,none,91,75,none,76,on time,sponsored,90,1
P4307,Female,DIT,2,2023,Labasa,411,76,none,77,62,none,68,on time,private,80,1
P4308,Male,DIT,2,2023,Labasa,411,83,none,78,79,none,70,on time,private,98,1
P4309,Female,DIT,2,2023,Labasa,411,69,none,68,69,none,78,on time,private,91,1
P4310,Female,DIT,2,2023,Labasa,411,79,none,69,60,none,76,on time,sponsored,70,1
P4311,Female,DIT,2,2023,Labasa,411,82,none,69,92,none,80,on time,sponsored,98,1
P4312,Female,DIT,2,2023,Labasa,411,55,none,33,30,none,11,late submission,sponsored,62,0
P4313,Female,DIT,2,2023,Labasa,411,81,none,74,79,none,73,on time,sponsored,100,1
P4314,Male,DIT,1,2023,Labasa,411,72,none,82,91,none,89,on time,sponsored,94,1
P4315,Male,DIT,1,2023,Labasa,411,85,none,66,81,none,92,on time,sponsored,81,1
P4316,Male,DIT,2,2023,Labasa,411,63,none,88,93,none,75,on time,sponsored,87,1
P4317,Male,DIT,2,2023,Labasa,411,14,none,44,45,none,29,late submission,sponsored,23,0
P4318,Male,DIT,1,2023,Labasa,411,5,none,47,12,none,46,late submission,private,34,0
P4319,Male,DIT,1,2023,Labasa,411,74,none,75,90,none,89,on time,sponsored,71,1
P4320,Male,DIT,1,2023,Labasa,411,72,none,90,67,none,88,on time,sponsored,90,1
P4321,Male,DIT,2,2023,Labasa,413,91,79,60,87,none,none,on time,sponsored,87,1
P4322,Male,DIT,2,2023,Labasa,413,0,16,48,26,none,none,late submission,private,24,0
P4323,Female,DIT,2,2023,Labasa,413,92,78,79,76,none,none,on time,private,80,1
P4324,Male,DIT,2,2023,Labasa,413,88,67,71,91,none,none,on time,private,87,1
P4325,Male,DIT,2,2023,Labasa,413,31,10,11,4,none,none,late submission,private,65,0
P4326,Female,DIT,2,2023,Labasa,413,81,94,71,72,none,none,on time,private,97,1
P4327,Male,DIT,1,2023,Labasa,413,80,93,90,66,none,none,on time,private,86,1
P4328,Female,DIT,1,2023,Labasa,413,70,72,85,70,none,none,on time,private,74,1
P4329,Male,DIT,1,2023,Labasa,413,86,77,74,76,none,none,on time,private,86,1
P4330,Female,DIT,2,2023,Labasa,413,82,80,88,79,none,none,on time,private,79,1
P4331,Female,DIT,2,2023,Labasa,413,3,26,22,41,none,none,late submission,private,0,0
P4332,Male,DIT,2,2023,Labasa,413,13,42,45,16,none,none,late submission,sponsored,2,0
P4333,Female,DIT,2,2023,Labasa,413,80,95,95,72,none,none,on time,private,83,1
P4334,Male,DIT,2,2023,Labasa,413,15,10,20,46,none,none,late submission,sponsored,13,0
P4335,Female,DIT,2,2023,Labasa,413,44,45,31,15,none,none,late submission,private,5,0
P4336,Female,DIT,2,2023,Labasa,413,77,94,83,88,none,none,on time,private,71,1
P4337,Female,DIT,1,2023,Labasa,413,80,86,69,69,none,none,on time,sponsored,98,1
P4338,Female,DIT,1,2023,Labasa,413,80,94,76,95,none,none,on time,sponsored,84,1
P4339,Female,DIT,1,2023,Labasa,413,80,83,88,73,none,none,on time,sponsored,94,1
P4340,Male,DIT,2,2023,Labasa,413,81,72,76,76,none,none,on time,private,84,1
P4341,Male,DIT,1,2023,Labasa,413,85,91,63,93,none,none,on time,private,83,1
P4342,Male,DIT,2,2023,Labasa,413,92,80,94,91,none,none,on time,sponsored,83,1
P4343,Female,DIT,2,2023,Labasa,413,65,95,67,94,none,none,on time,sponsored,93,1
P4344,Male,DIT,1,2023,Labasa,413,64,87,77,89,none,none,on time,sponsored,84,1
P4345,Female,DIT,1,2023,Labasa,413,81,89,93,87,none,none,on time,sponsored,72,1
P4346,Male,DIT,2,2023,Labasa,413,61,60,74,80,none,none,on time,private,70,1
P4347,Female,DIT,1,2023,Labasa,413,94,89,72,82,none,none,on time,private,77,1
P4348,Male,DIT,1,2023,Labasa,413,11,6,1,34,none,none,late submission,private,26,0
P4349,Male,DIT,1,2023,Labasa,413,80,80,74,73,none,none,on time,sponsored,100,1
P4350,Male,DIT,2,2023,Labasa,413,73,82,61,68,none,none,on time,sponsored,78,1
P4351,Female,DIT,1,2023,Labasa,413,28,55,47,54,none,none,late submission,sponsored,48,0
P4352,Male,DIT,2,2023,Labasa,413,72,73,84,67,none,none,on time,private,84,1
P4353,Male,DIT,1,2023,Labasa,413,70,73,67,91,none,none,on time,sponsored,88,1
P4354,Female,DIT,2,2023,Labasa,413,92,83,90,76,none,none,on time,sponsored,76,1
P4355,Male,DIT,2,2023,Labasa,413,85,66,82,83,none,none,on time,private,82,1
P4356,Female,DIT,1,2023,Labasa,413,74,65,84,90,none,none,on time,private,97,1
P4357,Male,DIT,2,2023,Labasa,413,62,69,75,71,none,none,on time,private,98,1
P4358,Male,DIT,1,2023,Labasa,413,62,63,73,78,none,none,on time,private,74,1
P4359,Female,DIT,2,2023,Labasa,413,11,33,9,47,none,none,late submission,sponsored,53,0
P4360,Male,DIT,2,2023,Labasa,413,1,31,13,19,none,none,late submission,sponsored,14,0
P4361,Female,DIT,2,2023,Labasa,413,1,50,1,21,none,none,late submission,private,33,0
P4362,Male,DIT,2,2023,Labasa,413,86,62,94,84,none,none,on time,sponsored,97,1
P4363,Male,DIT,1,2023,Labasa,413,65,86,64,67,none,none,on time,sponsored,81,1
P4364,Female,DIT,2,2023,Labasa,413,8,54,38,51,none,none,late submission,private,68,0
P4365,Male,DIT,2,2023,Labasa,413,68,80,94,83,none,none,on time,private,98,1
P4366,Male,DIT,2,2023,Labasa,413,68,74,92,68,none,none,on time,sponsored,96,1
P4367,Male,DIT,1,2023,Labasa,413,85,78,66,75,none,none,on time,sponsored,93,1
P4368,Male,DIT,2,2023,Labasa,413,81,89,93,93,none,none,on time,private,91,1
P4369,Female,DIT,1,2023,Labasa,413,62,84,63,72,none,none,on time,sponsored,81,1
P4370,Male,DIT,1,2023,Labasa,413,70,85,80,60,none,none,on time,sponsored,71,1
P4371,Female,DIT,2,2023,Labasa,413,28,13,29,39,none,none,late submission,private,24,0
P4372,Female,DIT,2,2023,Labasa,413,81,71,76,81,none,none,on time,private,78,1
P4373,Female,DIT,2,2023,Labasa,413,93,76,64,83,none,none,on time,private,91,1
P4374,Female,DIT,1,2023,Labasa,413,14,29,53,7,none,none,late submission,sponsored,16,0
P4375,Male,DIT,2,2023,Labasa,413,88,87,95,65,none,none,on time,private,81,1
P4376,Male,DIT,2,2023,Labasa,413,9,53,43,14,none,none,late submission,sponsored,65,0
P4377,Male,DIT,1,2023,Labasa,413,93,93,63,94,none,none,on time,sponsored,81,1
P4378,Female,DIT,1,2023,Labasa,413,83,70,66,70,none,none,on time,sponsored,86,1
P4379,Male,DIT,1,2023,Labasa,413,72,77,63,85,none,none,on time,private,100,1
P4380,Female,DIT,2,2023,Labasa,413,29,20,8,46,none,none,late submission,private,53,0
P4381,Female,BIS,1,2023,Labasa,501,none,63,none,68,0,70,on time,private,92,1
P4382,Female,BIS,1,2023,Labasa,501,75,none,none,77,0,67,on time,sponsored,82,1
P4383,Male,BIS,2,2023,Labasa,501,none,93,none,93,0,0,on time,private,78,1
P4384,Female,BIS,1,2023,Labasa,501,none,81,none,62,0,0,on time,private,89,1
P4385,Female,BIS,1,2023,Labasa,501,none,5,none,15,0,0,late submission,private,62,0
P4386,Female,BIS,1,2023,Labasa,501,77,92,none,86,0,65,on time,private,97,1
P4387,Male,BIS,2,2023,Labasa,501,87,66,none,95,0,62,on time,sponsored,85,1
P4388,Male,BIS,1,2023,Labasa,501,83,none,none,82,0,93,on time,sponsored,94,1
P4389,Female,BIS,2,2023,Labasa,501,none,none,none,78,86,0,on time,sponsored,70,1
P4390,Female,BIS,2,2023,Labasa,501,77,63,none,89,76,0,on time,sponsored,100,1
P4391,Female,BIS,2,2023,Labasa,501,none,21,none,39,34,0,late submission,private,22,0
P4392,Male,BIS,1,2023,Labasa,501,71,72,none,91,0,0,on time,private,80,1
P4393,Male,BIS,1,2023,Labasa,501,79,none,none,85,64,65,on time,sponsored,73,1
P4394,Female,BIS,2,2023,Labasa,501,none,none,none,78,0,0,on time,private,80,1
P4395,Male,BIS,1,2023,Labasa,501,61,none,none,75,0,73,on time,private,91,1
P4396,Male,BIS,2,2023,Labasa,501,88,none,none,86,0,0,on time,private,70,1
P4397,Female,BIS,2,2023,Labasa,501,80,none,none,80,75,0,on time,sponsored,81,1
P4398,Female,BIS,1,2023,Labasa,501,none,29,none,36,53,0,late submission,private,29,0
P4399,Female,BIS,2,2023,Labasa,501,95,none,none,82,90,0,on time,sponsored,75,1
P4400,Male,BIS,2,2023,Labasa,501,91,68,none,73,0,0,on time,sponsored,100,1
P4401,Female,BIS,1,2023,Labasa,501,69,none,none,82,67,0,on time,private,98,1
P4402,Male,BIS,1,2023,Labasa,501,none,none,none,81,65,0,on time,sponsored,89,1
P4403,Female,BIS,2,2023,Labasa,501,none,79,none,71,0,91,on time,private,74,1
P4404,Male,BIS,2,2023,Labasa,501,65,none,none,93,76,63,on time,private,77,1
P4405,Female,BIS,1,2023,Labasa,501,60,84,none,61,83,71,on time,sponsored,100,1
P4406,Female,BIS,1,2023,Labasa,501,69,71,none,71,92,88,on time,sponsored,81,1
P4407,Male,BIS,1,2023,Labasa,501,6,none,none,37,33,0,late submission,private,39,0
P4408,Male,BIS,1,2023,Labasa,501,42,50,none,7,42,21,late submission,private,43,0
P4409,Female,BIS,1,2023,Labasa,501,72,62,none,63,90,93,on time,private,96,1
P4410,Female,BIS,2,2023,Labasa,501,none,none,none,18,0,0,late submission,private,25,0
P4411,Female,BIS,1,2023,Labasa,501,80,84,none,91,78,93,on time,sponsored,85,1
P4412,Male,BIS,1,2023,Labasa,501,none,none,none,63,0,0,on time,sponsored,88,1
P4413,Male,BIS,2,2023,Labasa,501,92,none,none,66,89,0,on time,sponsored,86,1
P4414,Male,BIS,1,2023,Labasa,501,62,none,none,78,60,81,on time,sponsored,88,1
P4415,Female,BIS,1,2023,Labasa,501,none,none,none,76,0,0,on time,private,96,1
P4416,Female,BIS,1,2023,Labasa,501,none,91,none,60,85,88,on time,private,83,1
P4417,Male,BIS,1,2023,Labasa,501,none,71,none,70,0,0,on time,sponsored,73,1
P4418,Female,BIS,2,2023,Labasa,501,none,95,none,72,68,0,on time,private,73,1
P4419,Male,BIS,1,2023,Labasa,501,none,none,none,87,0,0,on time,private,96,1
P4420,Male,BIS,1,2023,Labasa,501,none,9,none,55,16,0,late submission,sponsored,40,0
P4421,Male,BIS,1,2023,Labasa,501,none,none,none,72,0,0,on time,private,74,1
P4422,Male,BIS,1,2023,Labasa,501,69,none,none,64,86,0,on time,sponsored,79,1
P4423,Female,BIS,1,2023,Labasa,501,60,none,none,84,67,62,on time,sponsored,73,1
P4424,Male,BIS,2,2023,Labasa,501,43,none,none,43,0,0,late submission,private,49,0
P4425,Female,BIS,1,2023,Labasa,501,none,none,none,84,76,83,on time,private,98,1
P4426,Female,BIS,2,2023,Labasa,501,none,none,none,82,0,0,on time,private,84,1
P4427,Female,BIS,2,2023,Labasa,501,83,80,none,68,93,75,on time,private,82,1
P4428,Male,BIS,1,2023,Labasa,501,35,23,none,13,25,30,late submission,private,46,0
P4429,Female,BIS,2,2023,Labasa,501,none,none,none,42,0,0,late submission,sponsored,52,0
P4430,Male,BIS,1,2023,Labasa,501,none,none,none,69,0,89,on time,sponsored,91,1
P4431,Male,BIS,2,2023,Labasa,501,none,none,none,60,0,0,on time,sponsored,99,1
P4432,Female,BIS,1,2023,Labasa,501,none,83,none,88,0,0,on time,sponsored,100,1
P4433,Female,BIS,1,2023,Labasa,501,10,7,none,10,0,0,late submission,sponsored,20,0
P4434,Male,BIS,1,2023,Labasa,501,none,68,none,90,0,70,on time,private,74,1
P4435,Female,BIS,2,2023,Labasa,501,61,82,none,65,83,71,on time,private,75,1
P4436,Female,BIS,2,2023,Labasa,501,40,none,none,22,0,0,late submission,sponsored,14,0
P4437,Male,BIS,2,2023,Labasa,501,none,31,none,10,3,0,late submission,private,24,0
P4438,Female,BIS,2,2023,Labasa,501,17,none,none,21,35,8,late submission,sponsored,43,0
P4439,Male,BIS,2,2023,Labasa,501,84,62,none,84,0,0,on time,private,98,1
P4440,Female,BIS,2,2023,Labasa,501,none,91,none,77,0,0,on time,private,81,1
P4441,Male,BIS,1,2023,Labasa,603,4,none,6.2,none,none,none,late submission,sponsored,13,0
P4442,Male,BIS,1,2023,Labasa,603,64,none,25.29,none,none,none,on time,sponsored,77,1
P4443,Male,BIS,2,2023,Labasa,603,37,none,21.91,none,none,none,late submission,sponsored,9,0
P4444,Female,BIS,2,2023,Labasa,603,3,none,24.65,none,none,none,late submission,sponsored,13,0
P4445,Male,BIS,1,2023,Labasa,603,60,none,37.99,none,none,none,on time,sponsored,92,1
P4446,Male,BIS,1,2023,Labasa,603,80,none,43.76,none,none,none,on time,private,72,1
P4447,Male,BIS,2,2023,Labasa,603,30,none,10.08,none,none,none,late submission,sponsored,63,0
P4448,Male,BIS,2,2023,Labasa,603,71,none,54.23,none,none,none,on time,sponsored,70,1
P4449,Female,BIS,1,2023,Labasa,603,44,none,4.34,none,none,none,late submission,sponsored,73,0
P4450,Male,BIS,1,2023,Labasa,603,70,none,36.84,none,none,none,on time,sponsored,80,1
P4451,Female,BIS,2,2023,Labasa,603,87,none,32.53,none,none,none,on time,sponsored,79,1
P4452,Female,BIS,1,2023,Labasa,603,78,none,47.63,none,none,none,on time,private,90,1
P4453,Male,BIS,1,2023,Labasa,603,87,none,27.4,none,none,none,on time,sponsored,81,1
P4454,Female,BIS,1,2023,Labasa,603,37,none,27,none,none,none,late submission,private,11,0
P4455,Female,BIS,1,2023,Labasa,603,88,none,35.74,none,none,none,on time,private,93,1
P4456,Female,BIS,2,2023,Labasa,603,80,none,41.38,none,none,none,on time,private,94,1
P4457,Male,BIS,1,2023,Labasa,603,86,none,38.95,none,none,none,on time,private,71,1
P4458,Female,BIS,2,2023,Labasa,603,55,none,31.47,none,none,none,late submission,private,51,0
P4459,Female,BIS,1,2023,Labasa,603,86,none,53.49,none,none,none,on time,private,94,1
P4460,Male,BIS,2,2023,Labasa,603,85,none,35.97,none,none,none,on time,sponsored,97,1
P4461,Female,BIS,1,2023,Labasa,603,73,none,27.85,none,none,none,on time,sponsored,100,1
P4462,Female,BIS,2,2023,Labasa,603,61,none,39.92,none,none,none,on time,sponsored,80,1
P4463,Male,BIS,2,2023,Labasa,603,14,none,6.65,none,none,none,late submission,private,70,0
P4464,Female,BIS,2,2023,Labasa,603,91,none,54.07,none,none,none,on time,sponsored,97,1
P4465,Male,BIS,2,2023,Labasa,603,45,none,16.68,none,none,none,late submission,private,8,0
P4466,Female,BIS,1,2023,Labasa,603,73,none,37.49,none,none,none,on time,private,100,1
P4467,Male,BIS,2,2023,Labasa,603,87,none,43.35,none,none,none,on time,private,80,1
P4468,Male,BIS,2,2023,Labasa,603,83,none,41.96,none,none,none,on time,sponsored,81,1
P4469,Female,BIS,1,2023,Labasa,603,75,none,31.28,none,none,none,on time,private,81,1
P4470,Female,BIS,1,2023,Labasa,603,50,none,9.82,none,none,none,late submission,private,40,0
P4471,Female,BIS,2,2023,Labasa,603,80,none,48.45,none,none,none,on time,sponsored,98,1
P4472,Male,BIS,1,2023,Labasa,603,36,none,16.44,none,none,none,late submission,private,31,0
P4473,Male,BIS,2,2023,Labasa,603,69,none,43.71,none,none,none,on time,private,73,1
P4474,Male,BIS,2,2023,Labasa,603,64,none,38.48,none,none,none,on time,private,98,1
P4475,Male,BIS,2,2023,Labasa,603,90,none,32.4,none,none,none,on time,sponsored,81,1
P4476,Male,BIS,2,2023,Labasa,603,95,none,29.38,none,none,none,on time,private,89,1
P4477,Female,BIS,2,2023,Labasa,603,72,none,53.73,none,none,none,on time,sponsored,80,1
P4478,Male,BIS,2,2023,Labasa,603,93,none,48.97,none,none,none,on time,sponsored,93,1
P4479,Female,BIS,1,2023,Labasa,603,19,none,9.13,none,none,none,late submission,sponsored,54,0
P4480,Male,BIS,2,2023,Labasa,603,65,none,36.06,none,none,none,on time,private,90,1
P4481,Male,BIS,2,2023,Labasa,603,88,none,47.75,none,none,none,on time,sponsored,87,1
P4482,Male,BIS,2,2023,Labasa,603,78,none,29.89,none,none,none,on time,private,76,1
P4483,Male,BIS,2,2023,Labasa,603,55,none,11.43,none,none,none,late submission,sponsored,15,0
P4484,Female,BIS,2,2023,Labasa,603,95,none,25.76,none,none,none,on time,private,96,1
P4485,Female,BIS,2,2023,Labasa,603,78,none,34.72,none,none,none,on time,sponsored,80,1
P4486,Male,BIS,1,2023,Labasa,603,91,none,26.92,none,none,none,on time,sponsored,92,1
P4487,Male,BIS,1,2023,Labasa,603,75,none,27.76,none,none,none,on time,sponsored,86,1
P4488,Female,BIS,2,2023,Labasa,603,64,none,39.77,none,none,none,on time,private,83,1
P4489,Male,BIS,2,2023,Labasa,603,95,none,49.69,none,none,none,on time,sponsored,82,1
P4490,Male,BIS,2,2023,Labasa,603,74,none,32.18,none,none,none,on time,private,94,1
P4491,Male,BIS,1,2023,Labasa,603,90,none,26.27,none,none,none,on time,sponsored,92,1
P4492,Male,BIS,1,2023,Labasa,603,20,none,13.56,none,none,none,late submission,private,17,0
P4493,Female,BIS,1,2023,Labasa,603,61,none,45.09,none,none,none,on time,private,79,1
P4494,Female,BIS,1,2023,Labasa,603,73,none,31.89,none,none,none,on time,sponsored,88,1
P4495,Female,BIS,1,2023,Labasa,603,92,none,51.96,none,none,none,on time,private,72,1
P4496,Male,BIS,2,2023,Labasa,603,78,none,32.97,none,none,none,on time,sponsored,87,1
P4497,Female,BIS,2,2023,Labasa,603,81,none,30.87,none,none,none,on time,private,76,1
P4498,Female,BIS,2,2023,Labasa,603,61,none,38.37,none,none,none,on time,private,79,1
P4499,Female,BIS,1,2023,Labasa,603,66,none,47.28,none,none,none,on time,private,71,1
P4500,Male,BIS,1,2023,Labasa,603,37,none,28.63,none,none,none,late submission,sponsored,38,0
P4501,Female,CERTIV IT,2,2023,Nasinu,410,76,none,none,73,92,79,on time,sponsored,90,1
P4502,Male,CERTIV IT,1,2023,Nasinu,410,31,none,none,46,0,29,late submission,sponsored,42,0
P4503,Female,CERTIV IT,1,2023,Nasinu,410,50,none,none,42,54,4,late submission,private,61,0
P4504,Male,CERTIV IT,1,2023,Nasinu,410,17,none,none,0,0,24,late submission,sponsored,6,0
P4505,Male,CERTIV IT,1,2023,Nasinu,410,87,none,none,83,0,86,on time,sponsored,76,1
P4506,Male,CERTIV IT,2,2023,Nasinu,410,9,none,none,16,29,7,late submission,private,15,0
P4507,Male,CERTIV IT,2,2023,Nasinu,410,75,none,none,89,0,77,on time,sponsored,73,1
P4508,Male,CERTIV IT,2,2023,Nasinu,410,73,none,none,64,0,61,on time,sponsored,92,1
P4509,Male,CERTIV IT,2,2023,Nasinu,410,71,none,none,60,62,77,on time,private,84,1
P4510,Female,CERTIV IT,2,2023,Nasinu,410,77,none,none,72,0,60,on time,sponsored,78,1
P4511,Male,CERTIV IT,2,2023,Nasinu,410,74,none,none,63,0,65,on time,private,92,1
P4512,Female,CERTIV IT,2,2023,Nasinu,410,23,none,none,42,23,20,late submission,sponsored,69,0
P4513,Female,CERTIV IT,2,2023,Nasinu,410,89,none,none,82,78,91,on time,private,82,1
P4514,Female,CERTIV IT,2,2023,Nasinu,410,8,none,none,21,0,28,late submission,private,11,0
P4515,Male,CERTIV IT,1,2023,Nasinu,410,81,none,none,94,70,73,on time,sponsored,99,1
P4516,Female,CERTIV IT,1,2023,Nasinu,410,33,none,none,6,36,16,late submission,sponsored,14,0
P4517,Male,CERTIV IT,1,2023,Nasinu,410,91,none,none,67,0,95,on time,private,95,1
P4518,Female,CERTIV IT,2,2023,Nasinu,410,66,none,none,74,89,72,on time,private,81,1
P4519,Male,CERTIV IT,1,2023,Nasinu,410,79,none,none,75,0,73,on time,sponsored,99,1
P4520,Male,CERTIV IT,1,2023,Nasinu,410,67,none,none,73,71,64,on time,private,70,1
P4521,Female,CERTIV IT,2,2023,Nasinu,410,42,none,none,25,0,21,late submission,private,54,0
P4522,Female,CERTIV IT,2,2023,Nasinu,410,62,none,none,91,0,80,on time,private,83,1
P4523,Female,CERTIV IT,1,2023,Nasinu,410,94,none,none,66,0,91,on time,private,85,1
P4524,Male,CERTIV IT,2,2023,Nasinu,410,90,none,none,76,94,65,on time,sponsored,85,1
P4525,Male,CERTIV IT,1,2023,Nasinu,410,75,none,none,90,0,79,on time,private,93,1
P4526,Female,CERTIV IT,1,2023,Nasinu,410,68,none,none,61,0,64,on time,sponsored,73,1
P4527,Male,CERTIV IT,2,2023,Nasinu,410,94,none,none,63,76,93,on time,private,88,1
P4528,Female,CERTIV IT,1,2023,Nasinu,410,2,none,none,18,0,27,late submission,sponsored,37,0
P4529,Male,CERTIV IT,1,2023,Nasinu,410,30,none,none,31,15,24,late submission,sponsored,9,0
P4530,Male,CERTIV IT,2,2023,Nasinu,410,81,none,none,91,0,67,on time,sponsored,75,1
P4531,Male,CERTIV IT,1,2023,Nasinu,410,88,none,none,91,0,61,on time,sponsored,93,1
P4532,Female,CERTIV IT,1,2023,Nasinu,410,87,none,none,95,87,64,on time,private,71,1
P4533,Male,CERTIV IT,2,2023,Nasinu,410,25,none,none,32,15,7,late submission,private,45,0
P4534,Male,CERTIV IT,1,2023,Nasinu,410,88,none,none,94,0,90,on time,sponsored,75,1
P4535,Male,CERTIV IT,1,2023,Nasinu,410,74,none,none,72,0,68,on time,sponsored,73,1
P4536,Female,CERTIV IT,1,2023,Nasinu,410,67,none,none,93,77,79,on time,sponsored,86,1
P4537,Male,CERTIV IT,2,2023,Nasinu,410,12,none,none,42,0,30,late submission,sponsored,61,0
P4538,Male,CERTIV IT,1,2023,Nasinu,410,69,none,none,68,92,64,on time,sponsored,87,1
P4539,Female,CERTIV IT,1,2023,Nasinu,410,83,none,none,74,0,63,on time,private,77,1
P4540,Female,CERTIV IT,1,2023,Nasinu,410,12,none,none,42,0,25,late submission,sponsored,50,0
P4541,Female,CERTIV IT,1,2023,Nasinu,410,92,none,none,86,70,93,on time,private,74,1
P4542,Female,CERTIV IT,2,2023,Nasinu,410,26,none,none,4,35,45,late submission,sponsored,55,0
P4543,Male,CERTIV IT,1,2023,Nasinu,410,89,none,none,81,0,79,on time,private,82,1
P4544,Female,CERTIV IT,2,2023,Nasinu,410,90,none,none,81,0,81,on time,sponsored,97,1
P4545,Male,CERTIV IT,2,2023,Nasinu,410,78,none,none,92,0,80,on time,private,99,1
P4546,Male,CERTIV IT,1,2023,Nasinu,410,81,none,none,93,0,76,on time,sponsored,79,1
P4547,Female,CERTIV IT,1,2023,Nasinu,410,12,none,none,43,0,45,late submission,private,17,0
P4548,Female,CERTIV IT,1,2023,Nasinu,410,7,none,none,46,0,40,late submission,sponsored,74,0
P4549,Male,CERTIV IT,1,2023,Nasinu,410,71,none,none,91,83,85,on time,private,90,1
P4550,Female,CERTIV IT,2,2023,Nasinu,410,9,none,none,16,38,16,late submission,private,58,0
P4551,Male,CERTIV IT,2,2023,Nasinu,410,4,none,none,12,0,31,late submission,sponsored,50,0
P4552,Female,CERTIV IT,2,2023,Nasinu,410,77,none,none,63,0,66,on time,sponsored,83,1
P4553,Female,CERTIV IT,2,2023,Nasinu,410,71,none,none,67,83,62,on time,sponsored,73,1
P4554,Male,CERTIV IT,2,2023,Nasinu,410,68,none,none,66,87,62,on time,private,87,1
P4555,Male,CERTIV IT,1,2023,Nasinu,410,78,none,none,87,75,74,on time,private,89,1
P4556,Female,CERTIV IT,2,2023,Nasinu,410,35,none,none,37,20,10,late submission,sponsored,19,0
P4557,Female,CERTIV IT,1,2023,Nasinu,410,65,none,none,77,91,66,on time,sponsored,70,1
P4558,Male,CERTIV IT,2,2023,Nasinu,410,71,none,none,74,77,60,on time,sponsored,84,1
P4559,Male,CERTIV IT,2,2023,Nasinu,410,88,none,none,73,74,65,on time,private,97,1
P4560,Female,CERTIV IT,2,2023,Nasinu,410,84,none,none,61,0,73,on time,private,93,1
P4561,Female,DIT,2,2023,Nasinu,411,20,none,1,31,none,32,late submission,private,67,0
P4562,Female,DIT,2,2023,Nasinu,411,64,none,84,70,none,85,on time,sponsored,81,1
P4563,Male,DIT,1,2023,Nasinu,411,75,none,78,74,none,84,on time,private,82,1
P4564,Female,DIT,1,2023,Nasinu,411,64,none,88,61,none,84,on time,sponsored,88,1
P4565,Female,DIT,2,2023,Nasinu,411,88,none,87,65,none,87,on time,private,85,1
P4566,Female,DIT,2,2023,Nasinu,411,90,none,70,70,none,74,on time,private,81,1
P4567,Male,DIT,1,2023,Nasinu,411,48,none,14,5,none,45,late submission,sponsored,46,0
P4568,Male,DIT,1,2023,Nasinu,411,76,none,65,93,none,76,on time,sponsored,87,1
P4569,Female,DIT,1,2023,Nasinu,411,77,none,71,74,none,86,on time,private,97,1
P4570,Female,DIT,1,2023,Nasinu,411,63,none,71,78,none,95,on time,sponsored,77,1
P4571,Female,DIT,2,2023,Nasinu,411,51,none,12,38,none,45,late submission,sponsored,30,0
P4572,Male,DIT,1,2023,Nasinu,411,34,none,7,49,none,29,late submission,sponsored,34,0
P4573,Female,DIT,1,2023,Nasinu,411,75,none,60,80,none,70,on time,sponsored,99,1
P4574,Female,DIT,1,2023,Nasinu,411,85,none,68,70,none,63,on time,sponsored,98,1
P4575,Female,DIT,1,2023,Nasinu,411,36,none,50,17,none,29,late submission,private,30,0
P4576,Male,DIT,2,2023,Nasinu,411,70,none,62,64,none,84,on time,sponsored,73,1
P4577,Male,DIT,1,2023,Nasinu,411,85,none,95,94,none,85,on time,private,86,1
P4578,Female,DIT,2,2023,Nasinu,411,48,none,16,33,none,26,late submission,private,73,0
P4579,Male,DIT,2,2023,Nasinu,411,64,none,83,79,none,67,on time,sponsored,71,1
P4580,Female,DIT,2,2023,Nasinu,411,80,none,91,72,none,61,on time,sponsored,81,1
P4581,Male,DIT,2,2023,Nasinu,411,55,none,37,50,none,48,late submission,private,18,0
P4582,Male,DIT,2,2023,Nasinu,411,74,none,88,76,none,91,on time,sponsored,74,1
P4583,Female,DIT,2,2023,Nasinu,411,89,none,68,86,none,63,on time,sponsored,81,1
P4584,Male,DIT,1,2023,Nasinu,411,23,none,3,22,none,29,late submission,private,12,0
P4585,Female,DIT,2,2023,Nasinu,411,92,none,95,90,none,62,on time,private,79,1
P4586,Female,DIT,1,2023,Nasinu,411,92,none,70,60,none,66,on time,private,76,1
P4587,Male,DIT,2,2023,Nasinu,411,93,none,83,61,none,88,on time,sponsored,86,1
P4588,Female,DIT,2,2023,Nasinu,411,39,none,20,18,none,23,late submission,private,58,0
P4589,Male,DIT,1,2023,Nasinu,411,48,none,32,2,none,42,late submission,private,62,0
P4590,Male,DIT,1,2023,Nasinu,411,42,none,45,28,none,46,late submission,private,48,0
P4591,Female,DIT,1,2023,Nasinu,411,65,none,84,77,none,85,on time,sponsored,99,1
P4592,Male,DIT,1,2023,Nasinu,411,72,none,86,72,none,86,on time,sponsored,70,1
P4593,Male,DIT,2,2023,Nasinu,411,60,none,64,70,none,62,on time,sponsored,78,1
P4594,Female,DIT,2,2023,Nasinu,411,10,none,43,31,none,7,late submission,private,28,0
P4595,Male,DIT,2,2023,Nasinu,411,54,none,30,16,none,36,late submission,private,43,0
P4596,Female,DIT,2,2023,Nasinu,411,75,none,74,61,none,87,on time,private,91,1
P4597,Female,DIT,2,2023,Nasinu,411,91,none,85,63,none,79,on time,private,86,1
P4598,Female,DIT,1,2023,Nasinu,411,54,none,50,14,none,15,late submission,sponsored,71,0
P4599,Female,DIT,1,2023,Nasinu,411,26,none,47,25,none,26,late submission,private,69,0
P4600,Female,DIT,2,2023,Nasinu,411,64,none,80,63,none,87,on time,private,75,1
P4601,Female,DIT,2,2023,Nasinu,411,81,none,83,67,none,79,on time,sponsored,85,1
P4602,Male,DIT,2,2023,Nasinu,411,37,none,13,25,none,27,late submission,private,62,0
P4603,Male,DIT,2,2023,Nasinu,411,81,none,70,80,none,84,on time,sponsored,95,1
P4604,Male,DIT,1,2023,Nasinu,411,69,none,94,87,none,91,on time,sponsored,95,1
P4605,Male,DIT,1,2023,Nasinu,411,11,none,2,8,none,18,late submission,private,0,0
P4606,Female,DIT,2,2023,Nasinu,411,70,none,79,81,none,66,on time,sponsored,72,1
P4607,Male,DIT,1,2023,Nasinu,411,50,none,10,25,none,52,late submission,sponsored,0,0
P4608,Female,DIT,1,2023,Nasinu,411,78,none,68,64,none,89,on time,sponsored,79,1
P4609,Female,DIT,1,2023,Nasinu,411,91,none,74,78,none,62,on time,sponsored,92,1
P4610,Female,DIT,2,2023,Nasinu,411,88,none,82,92,none,79,on time,private,92,1
P4611,Female,DIT,2,2023,Nasinu,411,79,none,80,73,none,75,on time,sponsored,99,1
P4612,Female,DIT,1,2023,Nasinu,411,63,none,67,69,none,66,on time,sponsored,71,1
P4613,Female,DIT,1,2023,Nasinu,411,81,none,80,75,none,90,on time,private,72,1
P4614,Female,DIT,2,2023,Nasinu,411,73,none,90,62,none,83,on time,private,90,1
P4615,Male,DIT,2,2023,Nasinu,411,62,none,76,84,none,71,on time,sponsored,72,1
P4616,Female,DIT,2,2023,Nasinu,411,88,none,68,80,none,87,on time,private,82,1
P4617,Female,DIT,1,2023,Nasinu,411,76,none,86,65,none,91,on time,sponsored,95,1
P4618,Female,DIT,1,2023,Nasinu,411,92,none,91,77,none,72,on time,sponsored,74,1
P4619,Male,DIT,2,2023,Nasinu,411,81,none,83,81,none,60,on time,private,70,1
P4620,Male,DIT,2,2023,Nasinu,411,13,none,9,21,none,43,late submission,sponsored,64,0
P4621,Female,DIT,2,2023,Nasinu,413,27,49,46,51,none,none,late submission,sponsored,75,0
P4622,Male,DIT,2,2023,Nasinu,413,34,48,29,2,none,none,late submission,private,75,0
P4623,Female,DIT,2,2023,Nasinu,413,90,86,89,74,none,none,on time,sponsored,88,1
P4624,Female,DIT,1,2023,Nasinu,413,74,76,85,76,none,none,on time,sponsored,79,1
P4625,Male,DIT,1,2023,Nasinu,413,75,85,60,87,none,none,on time,private,100,1
P4626,Male,DIT,1,2023,Nasinu,413,1,32,55,46,none,none,late submission,private,35,0
P4627,Female,DIT,1,2023,Nasinu,413,94,95,78,67,none,none,on time,sponsored,88,1
P4628,Male,DIT,2,2023,Nasinu,413,94,72,60,87,none,none,on time,sponsored,80,1
P4629,Male,DIT,2,2023,Nasinu,413,61,66,68,76,none,none,on time,private,100,1
P4630,Male,DIT,2,2023,Nasinu,413,87,73,70,83,none,none,on time,sponsored,83,1
P4631,Male,DIT,2,2023,Nasinu,413,64,69,67,60,none,none,on time,sponsored,87,1
P4632,Male,DIT,1,2023,Nasinu,413,7,48,28,21,none,none,late submission,sponsored,34,0
P4633,Male,DIT,2,2023,Nasinu,413,65,82,65,82,none,none,on time,private,85,1
P4634,Male,DIT,2,2023,Nasinu,413,46,1,39,51,none,none,late submission,private,69,0
P4635,Male,DIT,1,2023,Nasinu,413,93,94,72,90,none,none,on time,sponsored,80,1
P4636,Female,DIT,1,2023,Nasinu,413,66,92,85,73,none,none,on time,private,82,1
P4637,Male,DIT,1,2023,Nasinu,413,74,91,95,89,none,none,on time,sponsored,85,1
P4638,Female,DIT,2,2023,Nasinu,413,62,88,72,60,none,none,on time,sponsored,76,1
P4639,Female,DIT,1,2023,Nasinu,413,26,47,53,0,none,none,late submission,private,47,0
P4640,Female,DIT,2,2023,Nasinu,413,93,95,67,68,none,none,on time,sponsored,96,1
P4641,Female,DIT,2,2023,Nasinu,413,67,62,80,75,none,none,on time,private,87,1
P4642,Female,DIT,2,2023,Nasinu,413,63,79,68,76,none,none,on time,sponsored,97,1
P4643,Female,DIT,1,2023,Nasinu,413,64,93,83,64,none,none,on time,private,97,1
P4644,Female,DIT,2,2023,Nasinu,413,61,78,80,71,none,none,on time,sponsored,83,1
P4645,Male,DIT,1,2023,Nasinu,413,7,6,16,49,none,none,late submission,private,12,0
P4646,Female,DIT,2,2023,Nasinu,413,37,51,5,14,none,none,late submission,sponsored,23,0
P4647,Male,DIT,2,2023,Nasinu,413,95,94,79,95,none,none,on time,sponsored,94,1
P4648,Female,DIT,1,2023,Nasinu,413,26,5,42,21,none,none,late submission,private,5,0
P4649,Female,DIT,1,2023,Nasinu,413,66,90,62,90,none,none,on time,sponsored,73,1
P4650,Female,DIT,2,2023,Nasinu,413,95,75,65,81,none,none,on time,sponsored,78,1
P4651,Male,DIT,1,2023,Nasinu,413,61,90,73,68,none,none,on time,sponsored,88,1
P4652,Male,DIT,1,2023,Nasinu,413,36,50,46,49,none,none,late submission,private,0,0
P4653,Male,DIT,2,2023,Nasinu,413,73,84,72,93,none,none,on time,private,71,1
P4654,Female,DIT,2,2023,Nasinu,413,78,77,75,67,none,none,on time,private,88,1
P4655,Female,DIT,2,2023,Nasinu,413,67,85,72,76,none,none,on time,sponsored,85,1
P4656,Male,DIT,1,2023,Nasinu,413,42,15,8,45,none,none,late submission,sponsored,74,0
P4657,Male,DIT,1,2023,Nasinu,413,43,25,8,13,none,none,late submission,sponsored,5,0
P4658,Female,DIT,1,2023,Nasinu,413,67,60,86,66,none,none,on time,sponsored,90,1
P4659,Female,DIT,1,2023,Nasinu,413,83,80,86,84,none,none,on time,sponsored,74,1
P4660,Female,DIT,2,2023,Nasinu,413,73,84,82,72,none,none,on time,sponsored,97,1
P4661,Male,DIT,2,2023,Nasinu,413,63,76,60,87,none,none,on time,private,78,1
P4662,Female,DIT,1,2023,Nasinu,413,89,93,78,73,none,none,on time,sponsored,98,1
P4663,Female,DIT,1,2023,Nasinu,413,17,11,27,49,none,none,late submission,private,18,0
P4664,Male,DIT,2,2023,Nasinu,413,37,29,22,19,none,none,late submission,sponsored,67,0
P4665,Male,DIT,2,2023,Nasinu,413,90,84,77,70,none,none,on time,private,97,1
P4666,Female,DIT,1,2023,Nasinu,413,75,91,84,74,none,none,on time,sponsored,74,1
P4667,Male,DIT,1,2023,Nasinu,413,66,77,93,79,none,none,on time,private,81,1
P4668,Female,DIT,1,2023,Nasinu,413,75,78,76,75,none,none,on time,sponsored,100,1
P4669,Male,DIT,2,2023,Nasinu,413,1,20,49,44,none,none,late submission,sponsored,0,0
P4670,Female,DIT,2,2023,Nasinu,413,66,79,87,76,none,none,on time,sponsored,76,1
P4671,Female,DIT,1,2023,Nasinu,413,66,84,90,72,none,none,on time,private,91,1
P4672,Male,DIT,2,2023,Nasinu,413,90,75,94,81,none,none,on time,private,80,1
P4673,Female,DIT,1,2023,Nasinu,413,64,66,68,74,none,none,on time,sponsored,87,1
P4674,Female,DIT,1,2023,Nasinu,413,66,95,88,68,none,none,on time,sponsored,83,1
P4675,Male,DIT,1,2023,Nasinu,413,76,60,86,67,none,none,on time,sponsored,73,1
P4676,Female,DIT,2,2023,Nasinu,413,15,39,7,5,none,none,late submission,private,11,0
P4677,Female,DIT,1,2023,Nasinu,413,94,70,60,91,none,none,on time,private,92,1
P4678,Male,DIT,2,2023,Nasinu,413,32,37,14,36,none,none,late submission,sponsored,12,0
P4679,Female,DIT,1,2023,Nasinu,413,88,95,70,61,none,none,on time,private,81,1
P4680,Male,DIT,1,2023,Nasinu,413,70,74,62,71,none,none,on time,sponsored,76,1
P4681,Male,BIS,1,2023,Nasinu,501,63,none,none,62,67,0,on time,private,79,1
P4682,Female,BIS,1,2023,Nasinu,501,90,none,none,83,62,86,on time,sponsored,96,1
P4683,Male,BIS,1,2023,Nasinu,501,66,none,none,77,0,88,on time,private,74,1
P4684,Male,BIS,2,2023,Nasinu,501,77,none,none,61,0,0,on time,private,89,1
P4685,Female,BIS,1,2023,Nasinu,501,none,none,none,35,0,41,late submission,sponsored,14,0
P4686,Male,BIS,1,2023,Nasinu,501,none,none,none,75,94,81,on time,sponsored,77,1
P4687,Female,BIS,2,2023,Nasinu,501,62,none,none,68,74,93,on time,sponsored,74,1
P4688,Female,BIS,1,2023,Nasinu,501,80,70,none,81,61,60,on time,sponsored,90,1
P4689,Male,BIS,1,2023,Nasinu,501,none,none,none,88,0,63,on time,sponsored,75,1
P4690,Male,BIS,2,2023,Nasinu,501,92,78,none,70,65,0,on time,sponsored,91,1
P4691,Female,BIS,2,2023,Nasinu,501,none,none,none,80,0,0,on time,sponsored,94,1
P4692,Female,BIS,1,2023,Nasinu,501,none,84,none,81,0,0,on time,sponsored,71,1
P4693,Male,BIS,2,2023,Nasinu,501,none,none,none,80,83,0,on time,sponsored,73,1
P4694,Male,BIS,2,2023,Nasinu,501,none,none,none,75,0,82,on time,sponsored,87,1
P4695,Male,BIS,1,2023,Nasinu,501,67,none,none,95,93,0,on time,sponsored,78,1
P4696,Male,BIS,2,2023,Nasinu,501,none,none,none,93,0,77,on time,sponsored,99,1
P4697,Male,BIS,1,2023,Nasinu,501,70,86,none,70,61,86,on time,private,82,1
P4698,Female,BIS,2,2023,Nasinu,501,65,62,none,78,84,0,on time,private,79,1
P4699,Female,BIS,1,2023,Nasinu,501,83,none,none,78,72,0,on time,sponsored,95,1
P4700,Female,BIS,2,2023,Nasinu,501,none,none,none,83,75,0,on time,private,78,1
P4701,Male,BIS,2,2023,Nasinu,501,none,none,none,78,75,73,on time,sponsored,92,1
P4702,Female,BIS,1,2023,Nasinu,501,none,none,none,51,9,5,late submission,private,32,0
P4703,Female,BIS,2,2023,Nasinu,501,none,none,none,65,0,73,on time,sponsored,95,1
P4704,Female,BIS,2,2023,Nasinu,501,none,none,none,5,0,0,late submission,private,5,0
P4705,Female,BIS,1,2023,Nasinu,501,none,none,none,73,61,0,on time,private,86,1
P4706,Female,BIS,1,2023,Nasinu,501,75,81,none,91,0,0,on time,sponsored,96,1
P4707,Male,BIS,1,2023,Nasinu,501,none,64,none,64,0,0,on time,private,89,1
P4708,Male,BIS,1,2023,Nasinu,501,none,none,none,70,70,92,on time,private,85,1
P4709,Male,BIS,1,2023,Nasinu,501,none,65,none,62,78,0,on time,private,80,1
P4710,Male,BIS,2,2023,Nasinu,501,75,85,none,87,62,67,on time,private,94,1
P4711,Female,BIS,1,2023,Nasinu,501,none,23,none,25,38,52,late submission,sponsored,24,0
P4712,Female,BIS,1,2023,Nasinu,501,none,none,none,76,0,0,on time,private,72,1
P4713,Male,BIS,2,2023,Nasinu,501,none,73,none,78,62,0,on time,private,85,1
P4714,Male,BIS,2,2023,Nasinu,501,15,none,none,26,2,0,late submission,private,43,0
P4715,Male,BIS,1,2023,Nasinu,501,none,92,none,64,0,71,on time,private,81,1
P4716,Female,BIS,2,2023,Nasinu,501,86,78,none,65,0,0,on time,private,75,1
P4717,Female,BIS,1,2023,Nasinu,501,none,92,none,72,71,66,on time,sponsored,88,1
P4718,Male,BIS,2,2023,Nasinu,501,none,none,none,35,30,25,late submission,private,55,0
P4719,Female,BIS,2,2023,Nasinu,501,none,none,none,33,38,0,late submission,private,3,0
P4720,Male,BIS,1,2023,Nasinu,501,none,82,none,67,0,81,on time,sponsored,87,1
P4721,Male,BIS,2,2023,Nasinu,501,87,65,none,84,0,64,on time,sponsored,81,1
P4722,Male,BIS,2,2023,Nasinu,501,none,51,none,36,21,16,late submission,sponsored,12,0
P4723,Female,BIS,2,2023,Nasinu,501,92,none,none,70,90,60,on time,private,77,1
P4724,Female,BIS,2,2023,Nasinu,501,none,53,none,32,12,5,late submission,sponsored,49,0
P4725,Female,BIS,1,2023,Nasinu,501,none,none,none,78,0,0,on time,private,72,1
P4726,Female,BIS,1,2023,Nasinu,501,55,41,none,40,9,0,late submission,sponsored,66,0
P4727,Male,BIS,2,2023,Nasinu,501,88,78,none,70,0,0,on time,private,98,1
P4728,Female,BIS,1,2023,Nasinu,501,none,91,none,84,63,0,on time,sponsored,81,1
P4729,Male,BIS,2,2023,Nasinu,501,none,none,none,29,14,0,late submission,private,68,0
P4730,Female,BIS,1,2023,Nasinu,501,66,none,none,89,60,70,on time,private,99,1
P4731,Male,BIS,1,2023,Nasinu,501,none,92,none,68,0,0,on time,sponsored,73,1
P4732,Female,BIS,1,2023,Nasinu,501,94,79,none,63,0,63,on time,sponsored,84,1
P4733,Female,BIS,2,2023,Nasinu,501,87,none,none,75,88,76,on time,sponsored,96,1
P4734,Female,BIS,2,2023,Nasinu,501,89,none,none,71,64,70,on time,sponsored,99,1
P4735,Female,BIS,1,2023,Nasinu,501,93,70,none,91,88,87,on time,private,76,1
P4736,Male,BIS,1,2023,Nasinu,501,none,none,none,36,0,47,late submission,private,22,0
P4737,Female,BIS,2,2023,Nasinu,501,89,63,none,91,0,93,on time,sponsored,99,1
P4738,Male,BIS,2,2023,Nasinu,501,none,none,none,40,0,43,late submission,sponsored,48,0
P4739,Male,BIS,2,2023,Nasinu,501,60,94,none,66,0,69,on time,private,91,1
P4740,Male,BIS,1,2023,Nasinu,501,36,none,none,35,0,0,late submission,private,17,0
P4741,Female,BIS,1,2023,Nasinu,603,54,none,11.58,none,none,none,late submission,sponsored,16,0
P4742,Male,BIS,1,2023,Nasinu,603,76,none,40.22,none,none,none,on time,private,87,1
P4743,Female,BIS,1,2023,Nasinu,603,92,none,41.61,none,none,none,on time,private,89,1
P4744,Male,BIS,1,2023,Nasinu,603,62,none,45.86,none,none,none,on time,private,84,1
P4745,Female,BIS,1,2023,Nasinu,603,94,none,37.05,none,none,none,on time,sponsored,75,1
P4746,Female,BIS,2,2023,Nasinu,603,61,none,53.02,none,none,none,on time,sponsored,94,1
P4747,Female,BIS,2,2023,Nasinu,603,89,none,39.85,none,none,none,on time,sponsored,72,1
P4748,Female,BIS,2,2023,Nasinu,603,92,none,39.92,none,none,none,on time,private,97,1
P4749,Male,BIS,1,2023,Nasinu,603,91,none,54.83,none,none,none,on time,sponsored,88,1
P4750,Male,BIS,2,2023,Nasinu,603,71,none,45.47,none,none,none,on time,private,70,1
P4751,Male,BIS,2,2023,Nasinu,603,83,none,47.67,none,none,none,on time,sponsored,78,1
P4752,Female,BIS,2,2023,Nasinu,603,62,none,25.92,none,none,none,on time,private,80,1
P4753,Male,BIS,1,2023,Nasinu,603,81,none,50.57,none,none,none,on time,sponsored,87,1
P4754,Female,BIS,2,2023,Nasinu,603,89,none,42.81,none,none,none,on time,private,86,1
P4755,Male,BIS,1,2023,Nasinu,603,71,none,44.15,none,none,none,on time,private,96,1
P4756,Male,BIS,2,2023,Nasinu,603,34,none,33.62,none,none,none,late submission,sponsored,28,0
P4757,Male,BIS,2,2023,Nasinu,603,80,none,30.6,none,none,none,on time,sponsored,78,1
P4758,Female,BIS,2,2023,Nasinu,603,84,none,30.03,none,none,none,on time,private,100,1
P4759,Male,BIS,2,2023,Nasinu,603,21,none,18.54,none,none,none,late submission,sponsored,28,0
P4760,Female,BIS,1,2023,Nasinu,603,95,none,46.32,none,none,none,on time,sponsored,100,1
P4761,Female,BIS,2,2023,Nasinu,603,93,none,32.89,none,none,none,on time,private,90,1
P4762,Female,BIS,2,2023,Nasinu,603,78,none,49.75,none,none,none,on time,private,80,1
P4763,Male,BIS,1,2023,Nasinu,603,92,none,49.73,none,none,none,on time,sponsored,90,1
P4764,Male,BIS,1,2023,Nasinu,603,3,none,6.97,none,none,none,late submission,sponsored,61,0
P4765,Female,BIS,1,2023,Nasinu,603,83,none,31.31,none,none,none,on time,sponsored,71,1
P4766,Female,BIS,1,2023,Nasinu,603,80,none,49.83,none,none,none,on time,sponsored,84,1
P4767,Male,BIS,1,2023,Nasinu,603,73,none,49.53,none,none,none,on time,private,75,1
P4768,Female,BIS,1,2023,Nasinu,603,80,none,26.37,none,none,none,on time,private,83,1
P4769,Female,BIS,1,2023,Nasinu,603,78,none,53.51,none,none,none,on time,sponsored,90,1
P4770,Male,BIS,1,2023,Nasinu,603,24,none,21.55,none,none,none,late submission,private,22,0
P4771,Male,BIS,2,2023,Nasinu,603,90,none,25.2,none,none,none,on time,sponsored,89,1
P4772,Female,BIS,1,2023,Nasinu,603,85,none,29.88,none,none,none,on time,private,86,1
P4773,Male,BIS,2,2023,Nasinu,603,86,none,26.75,none,none,none,on time,private,99,1
P4774,Female,BIS,2,2023,Nasinu,603,17,none,10.45,none,none,none,late submission,private,57,0
P4775,Male,BIS,1,2023,Nasinu,603,77,none,41.24,none,none,none,on time,private,80,1
P4776,Female,BIS,2,2023,Nasinu,603,11,none,17.57,none,none,none,late submission,private,40,0
P4777,Female,BIS,1,2023,Nasinu,603,1,none,4.76,none,none,none,late submission,private,54,0
P4778,Male,BIS,1,2023,Nasinu,603,83,none,44.17,none,none,none,on time,private,95,1
P4779,Male,BIS,1,2023,Nasinu,603,51,none,11.41,none,none,none,late submission,sponsored,16,0
P4780,Female,BIS,1,2023,Nasinu,603,90,none,26.01,none,none,none,on time,private,80,1
P4781,Male,BIS,2,2023,Nasinu,603,78,none,34.1,none,none,none,on time,sponsored,75,1
P4782,Female,BIS,2,2023,Nasinu,603,69,none,39.99,none,none,none,on time,private,92,1
P4783,Male,BIS,2,2023,Nasinu,603,78,none,44.29,none,none,none,on time,private,90,1
P4784,Male,BIS,1,2023,Nasinu,603,83,none,33.64,none,none,none,on time,sponsored,97,1
P4785,Male,BIS,1,2023,Nasinu,603,47,none,4.68,none,none,none,late submission,sponsored,22,0
P4786,Male,BIS,1,2023,Nasinu,603,79,none,43.72,none,none,none,on time,sponsored,74,1
P4787,Male,BIS,2,2023,Nasinu,603,93,none,32.34,none,none,none,on time,sponsored,98,1
P4788,Female,BIS,2,2023,Nasinu,603,82,none,25.73,none,none,none,on time,private,92,1
P4789,Male,BIS,2,2023,Nasinu,603,89,none,30.31,none,none,none,on time,sponsored,92,1
P4790,Male,BIS,2,2023,Nasinu,603,83,none,41.86,none,none,none,on time,private,80,1
P4791,Female,BIS,2,2023,Nasinu,603,80,none,29.27,none,none,none,on time,sponsored,74,1
P4792,Male,BIS,2,2023,Nasinu,603,66,none,36.77,none,none,none,on time,sponsored,91,1
P4793,Male,BIS,2,2023,Nasinu,603,4,none,16,none,none,none,late submission,sponsored,60,0
P4794,Male,BIS,1,2023,Nasinu,603,71,none,53.7,none,none,none,on time,sponsored,92,1
P4795,Male,BIS,2,2023,Nasinu,603,86,none,51.45,none,none,none,on time,sponsored,74,1
P4796,Male,BIS,2,2023,Nasinu,603,40,none,10.61,none,none,none,late submission,sponsored,74,0
P4797,Male,BIS,1,2023,Nasinu,603,44,none,33.75,none,none,none,late submission,private,41,0
P4798,Male,BIS,2,2023,Nasinu,603,86,none,28.66,none,none,none,on time,private,79,1
P4799,Female,BIS,2,2023,Nasinu,603,78,none,32.41,none,none,none,on time,private,95,1
P4800,Male,BIS,2,2023,Nasinu,603,67,none,30.41,none,none,none,on time,private,78,1
P4801,Female,CERTIV IT,2,2024,Labasa,410,88,none,none,64,70,81,on time,sponsored,88,1
P4802,Male,CERTIV IT,2,2024,Labasa,410,13,none,none,31,0,8,late submission,sponsored,63,0
P4803,Male,CERTIV IT,1,2024,Labasa,410,68,none,none,83,85,95,on time,sponsored,95,1
P4804,Male,CERTIV IT,1,2024,Labasa,410,95,none,none,91,0,82,on time,private,71,1
P4805,Male,CERTIV IT,2,2024,Labasa,410,75,none,none,94,85,62,on time,sponsored,81,1
P4806,Male,CERTIV IT,1,2024,Labasa,410,84,none,none,65,80,89,on time,sponsored,79,1
P4807,Male,CERTIV IT,2,2024,Labasa,410,55,none,none,46,36,1,late submission,sponsored,20,0
P4808,Male,CERTIV IT,1,2024,Labasa,410,42,none,none,1,0,12,late submission,private,75,0
P4809,Female,CERTIV IT,2,2024,Labasa,410,63,none,none,72,0,90,on time,sponsored,93,1
P4810,Male,CERTIV IT,1,2024,Labasa,410,67,none,none,69,85,69,on time,sponsored,85,1
P4811,Male,CERTIV IT,1,2024,Labasa,410,86,none,none,89,68,67,on time,private,73,1
P4812,Male,CERTIV IT,1,2024,Labasa,410,68,none,none,71,62,62,on time,sponsored,82,1
P4813,Female,CERTIV IT,1,2024,Labasa,410,75,none,none,72,73,78,on time,private,91,1
P4814,Male,CERTIV IT,2,2024,Labasa,410,71,none,none,89,79,69,on time,sponsored,76,1
P4815,Female,CERTIV IT,1,2024,Labasa,410,95,none,none,85,93,81,on time,sponsored,79,1
P4816,Male,CERTIV IT,2,2024,Labasa,410,24,none,none,8,1,44,late submission,private,19,0
P4817,Female,CERTIV IT,2,2024,Labasa,410,60,none,none,73,82,91,on time,sponsored,96,1
P4818,Male,CERTIV IT,1,2024,Labasa,410,69,none,none,77,0,82,on time,sponsored,84,1
P4819,Female,CERTIV IT,2,2024,Labasa,410,73,none,none,61,76,69,on time,sponsored,94,1
P4820,Male,CERTIV IT,1,2024,Labasa,410,7,none,none,23,39,30,late submission,private,6,0
P4821,Male,CERTIV IT,2,2024,Labasa,410,88,none,none,65,0,61,on time,sponsored,75,1
P4822,Female,CERTIV IT,1,2024,Labasa,410,93,none,none,66,0,76,on time,private,97,1
P4823,Male,CERTIV IT,1,2024,Labasa,410,62,none,none,75,63,61,on time,private,92,1
P4824,Female,CERTIV IT,2,2024,Labasa,410,23,none,none,27,0,39,late submission,private,72,0
P4825,Male,CERTIV IT,2,2024,Labasa,410,83,none,none,78,87,75,on time,private,91,1
P4826,Female,CERTIV IT,2,2024,Labasa,410,29,none,none,27,0,2,late submission,private,17,0
P4827,Male,CERTIV IT,1,2024,Labasa,410,2,none,none,13,0,35,late submission,sponsored,65,0
P4828,Male,CERTIV IT,1,2024,Labasa,410,91,none,none,70,87,94,on time,sponsored,78,1
P4829,Male,CERTIV IT,1,2024,Labasa,410,6,none,none,9,37,55,late submission,private,46,0
P4830,Male,CERTIV IT,2,2024,Labasa,410,72,none,none,92,0,88,on time,sponsored,84,1
P4831,Male,CERTIV IT,1,2024,Labasa,410,81,none,none,65,0,83,on time,sponsored,92,1
P4832,Female,CERTIV IT,2,2024,Labasa,410,71,none,none,67,72,61,on time,private,95,1
P4833,Female,CERTIV IT,1,2024,Labasa,410,88,none,none,87,0,91,on time,private,97,1
P4834,Male,CERTIV IT,1,2024,Labasa,410,72,none,none,72,85,88,on time,private,70,1
P4835,Female,CERTIV IT,2,2024,Labasa,410,5,none,none,22,37,33,late submission,sponsored,55,0
P4836,Male,CERTIV IT,1,2024,Labasa,410,62,none,none,63,0,86,on time,sponsored,85,1
P4837,Female,CERTIV IT,1,2024,Labasa,410,64,none,none,67,0,91,on time,sponsored,80,1
P4838,Female,CERTIV IT,1,2024,Labasa,410,47,none,none,41,16,34,late submission,sponsored,4,0
P4839,Male,CERTIV IT,2,2024,Labasa,410,64,none,none,80,71,76,on time,sponsored,80,1
P4840,Male,CERTIV IT,2,2024,Labasa,410,85,none,none,93,91,64,on time,private,89,1
P4841,Male,CERTIV IT,2,2024,Labasa,410,86,none,none,84,0,66,on time,sponsored,91,1
P4842,Female,CERTIV IT,2,2024,Labasa,410,31,none,none,18,0,30,late submission,sponsored,19,0
P4843,Female,CERTIV IT,1,2024,Labasa,410,87,none,none,71,0,67,on time,private,75,1
P4844,Female,CERTIV IT,1,2024,Labasa,410,70,none,none,87,68,73,on time,private,96,1
P4845,Female,CERTIV IT,1,2024,Labasa,410,66,none,none,65,86,70,on time,sponsored,96,1
P4846,Male,CERTIV IT,2,2024,Labasa,410,75,none,none,83,0,69,on time,sponsored,99,1
P4847,Male,CERTIV IT,1,2024,Labasa,410,42,none,none,32,1,34,late submission,private,2,0
P4848,Female,CERTIV IT,2,2024,Labasa,410,67,none,none,88,82,88,on time,sponsored,74,1
P4849,Female,CERTIV IT,2,2024,Labasa,410,3,none,none,51,0,34,late submission,sponsored,69,0
P4850,Male,CERTIV IT,2,2024,Labasa,410,71,none,none,72,84,79,on time,sponsored,85,1
P4851,Female,CERTIV IT,1,2024,Labasa,410,32,none,none,31,0,50,late submission,sponsored,10,0
P4852,Male,CERTIV IT,2,2024,Labasa,410,89,none,none,85,90,77,on time,sponsored,86,1
P4853,Male,CERTIV IT,2,2024,Labasa,410,65,none,none,87,0,87,on time,private,73,1
P4854,Male,CERTIV IT,2,2024,Labasa,410,31,none,none,18,43,21,late submission,sponsored,31,0
P4855,Female,CERTIV IT,2,2024,Labasa,410,85,none,none,71,78,86,on time,private,99,1
P4856,Female,CERTIV IT,2,2024,Labasa,410,87,none,none,61,0,92,on time,private,77,1
P4857,Female,CERTIV IT,1,2024,Labasa,410,95,none,none,81,0,69,on time,sponsored,70,1
P4858,Male,CERTIV IT,2,2024,Labasa,410,77,none,none,94,94,60,on time,private,77,1
P4859,Male,CERTIV IT,2,2024,Labasa,410,62,none,none,87,0,85,on time,sponsored,87,1
P4860,Female,CERTIV IT,1,2024,Labasa,410,38,none,none,36,0,1,late submission,private,67,0
P4861,Male,DIT,1,2024,Labasa,411,75,none,82,70,none,73,on time,sponsored,76,1
P4862,Female,DIT,1,2024,Labasa,411,60,none,81,71,none,75,on time,private,85,1
P4863,Male,DIT,2,2024,Labasa,411,85,none,81,61,none,70,on time,sponsored,86,1
P4864,Female,DIT,2,2024,Labasa,411,16,none,7,39,none,6,late submission,sponsored,63,0
P4865,Female,DIT,2,2024,Labasa,411,78,none,77,61,none,86,on time,sponsored,97,1
P4866,Female,DIT,1,2024,Labasa,411,64,none,93,68,none,76,on time,private,93,1
P4867,Male,DIT,1,2024,Labasa,411,6,none,17,5,none,28,late submission,sponsored,59,0
P4868,Female,DIT,2,2024,Labasa,411,80,none,71,85,none,84,on time,sponsored,73,1
P4869,Female,DIT,2,2024,Labasa,411,85,none,95,88,none,79,on time,sponsored,87,1
P4870,Female,DIT,2,2024,Labasa,411,80,none,81,76,none,80,on time,sponsored,97,1
P4871,Male,DIT,1,2024,Labasa,411,63,none,90,83,none,75,on time,sponsored,74,1
P4872,Female,DIT,1,2024,Labasa,411,65,none,87,63,none,74,on time,private,72,1
P4873,Female,DIT,1,2024,Labasa,411,68,none,66,92,none,76,on time,private,77,1
P4874,Female,DIT,2,2024,Labasa,411,60,none,63,61,none,79,on time,private,82,1
P4875,Male,DIT,2,2024,Labasa,411,71,none,63,78,none,84,on time,private,88,1
P4876,Female,DIT,2,2024,Labasa,411,27,none,31,26,none,3,late submission,private,71,0
P4877,Female,DIT,2,2024,Labasa,411,80,none,87,83,none,91,on time,private,70,1
P4878,Female,DIT,2,2024,Labasa,411,79,none,80,74,none,72,on time,private,70,1
P4879,Male,DIT,2,2024,Labasa,411,76,none,85,84,none,68,on time,private,97,1
P4880,Male,DIT,2,2024,Labasa,411,66,none,85,81,none,82,on time,sponsored,79,1
P4881,Male,DIT,1,2024,Labasa,411,70,none,71,67,none,71,on time,private,99,1
P4882,Male,DIT,2,2024,Labasa,411,87,none,90,90,none,79,on time,private,94,1
P4883,Female,DIT,1,2024,Labasa,411,1,none,6,5,none,11,late submission,private,8,0
P4884,Female,DIT,1,2024,Labasa,411,94,none,93,84,none,63,on time,private,99,1
P4885,Male,DIT,1,2024,Labasa,411,90,none,91,95,none,68,on time,private,88,1
P4886,Male,DIT,1,2024,Labasa,411,88,none,60,77,none,88,on time,private,89,1
P4887,Male,DIT,2,2024,Labasa,411,4,none,9,46,none,7,late submission,private,21,0
P4888,Male,DIT,1,2024,Labasa,411,90,none,81,74,none,87,on time,sponsored,78,1
P4889,Female,DIT,2,2024,Labasa,411,29,none,35,22,none,52,late submission,sponsored,68,0
P4890,Male,DIT,2,2024,Labasa,411,19,none,8,7,none,42,late submission,sponsored,65,0
P4891,Male,DIT,2,2024,Labasa,411,3,none,2,43,none,27,late submission,private,46,0
P4892,Female,DIT,2,2024,Labasa,411,81,none,69,72,none,64,on time,private,79,1
P4893,Male,DIT,1,2024,Labasa,411,18,none,49,34,none,39,late submission,private,19,0
P4894,Female,DIT,1,2024,Labasa,411,73,none,75,78,none,70,on time,private,98,1
P4895,Female,DIT,1,2024,Labasa,411,70,none,64,90,none,82,on time,private,97,1
P4896,Male,DIT,1,2024,Labasa,411,15,none,52,2,none,16,late submission,private,8,0
P4897,Female,DIT,1,2024,Labasa,411,80,none,94,92,none,69,on time,sponsored,89,1
P4898,Female,DIT,1,2024,Labasa,411,60,none,62,66,none,92,on time,private,77,1
P4899,Male,DIT,2,2024,Labasa,411,92,none,64,87,none,82,on time,private,86,1
P4900,Male,DIT,2,2024,Labasa,411,76,none,76,87,none,63,on time,private,99,1
P4901,Male,DIT,2,2024,Labasa,411,88,none,95,66,none,60,on time,sponsored,85,1
P4902,Female,DIT,1,2024,Labasa,411,94,none,89,92,none,92,on time,sponsored,73,1
P4903,Female,DIT,2,2024,Labasa,411,37,none,33,32,none,49,late submission,private,72,0
P4904,Male,DIT,1,2024,Labasa,411,68,none,90,66,none,77,on time,private,80,1
P4905,Female,DIT,1,2024,Labasa,411,65,none,94,84,none,76,on time,sponsored,77,1
P4906,Male,DIT,2,2024,Labasa,411,88,none,70,93,none,75,on time,sponsored,76,1
P4907,Male,DIT,1,2024,Labasa,411,61,none,85,70,none,73,on time,private,73,1
P4908,Male,DIT,1,2024,Labasa,411,70,none,69,67,none,62,on time,sponsored,87,1
P4909,Male,DIT,1,2024,Labasa,411,61,none,64,93,none,84,on time,sponsored,75,1
P4910,Female,DIT,2,2024,Labasa,411,92,none,95,90,none,84,on time,sponsored,71,1
P4911,Male,DIT,1,2024,Labasa,411,72,none,83,84,none,65,on time,private,96,1
P4912,Female,DIT,1,2024,Labasa,411,20,none,41,15,none,41,late submission,private,30,0
P4913,Male,DIT,1,2024,Labasa,411,50,none,48,49,none,54,late submission,private,35,0
P4914,Male,DIT,1,2024,Labasa,411,66,none,62,60,none,72,on time,private,83,1
P4915,Male,DIT,2,2024,Labasa,411,0,none,23,52,none,52,late submission,sponsored,51,0
P4916,Female,DIT,2,2024,Labasa,411,28,none,53,4,none,21,late submission,private,75,0
P4917,Male,DIT,1,2024,Labasa,411,87,none,77,65,none,64,on time,private,98,1
P4918,Male,DIT,2,2024,Labasa,411,45,none,5,45,none,53,late submission,sponsored,38,0
P4919,Male,DIT,2,2024,Labasa,411,66,none,85,77,none,90,on time,private,84,1
P4920,Male,DIT,1,2024,Labasa,411,87,none,86,95,none,72,on time,sponsored,87,1
P4921,Female,DIT,1,2024,Labasa,413,70,84,89,60,none,none,on time,private,93,1
P4922,Male,DIT,2,2024,Labasa,413,90,93,91,64,none,none,on time,sponsored,86,1
P4923,Female,DIT,1,2024,Labasa,413,71,83,89,64,none,none,on time,private,88,1
P4924,Female,DIT,2,2024,Labasa,413,68,61,65,68,none,none,on time,sponsored,89,1
P4925,Female,DIT,2,2024,Labasa,413,84,60,79,65,none,none,on time,sponsored,100,1
P4926,Male,DIT,2,2024,Labasa,413,23,21,32,20,none,none,late submission,private,9,0
P4927,Male,DIT,2,2024,Labasa,413,68,91,78,84,none,none,on time,sponsored,79,1
P4928,Male,DIT,1,2024,Labasa,413,77,65,85,68,none,none,on time,sponsored,91,1
P4929,Female,DIT,2,2024,Labasa,413,81,92,64,88,none,none,on time,private,74,1
P4930,Male,DIT,2,2024,Labasa,413,68,66,95,82,none,none,on time,private,81,1
P4931,Female,DIT,2,2024,Labasa,413,80,87,92,68,none,none,on time,sponsored,96,1
P4932,Male,DIT,1,2024,Labasa,413,91,60,61,63,none,none,on time,private,97,1
P4933,Male,DIT,2,2024,Labasa,413,86,77,63,89,none,none,on time,private,92,1
P4934,Male,DIT,1,2024,Labasa,413,11,32,10,35,none,none,late submission,private,35,0
P4935,Female,DIT,2,2024,Labasa,413,93,93,71,70,none,none,on time,private,72,1
P4936,Female,DIT,2,2024,Labasa,413,64,84,94,83,none,none,on time,private,74,1
P4937,Male,DIT,2,2024,Labasa,413,95,63,65,67,none,none,on time,private,95,1
P4938,Female,DIT,1,2024,Labasa,413,66,65,80,71,none,none,on time,private,97,1
P4939,Female,DIT,1,2024,Labasa,413,74,88,63,68,none,none,on time,private,71,1
P4940,Male,DIT,1,2024,Labasa,413,80,60,60,90,none,none,on time,private,72,1
P4941,Female,DIT,1,2024,Labasa,413,35,45,20,44,none,none,late submission,private,73,0
P4942,Female,DIT,1,2024,Labasa,413,26,37,35,36,none,none,late submission,private,18,0
P4943,Male,DIT,2,2024,Labasa,413,77,90,67,86,none,none,on time,private,89,1
P4944,Male,DIT,1,2024,Labasa,413,51,34,5,13,none,none,late submission,private,25,0
P4945,Male,DIT,1,2024,Labasa,413,82,95,85,74,none,none,on time,sponsored,71,1
P4946,Male,DIT,1,2024,Labasa,413,83,88,76,93,none,none,on time,sponsored,79,1
P4947,Male,DIT,2,2024,Labasa,413,33,3,25,55,none,none,late submission,private,19,0
P4948,Female,DIT,2,2024,Labasa,413,72,95,74,76,none,none,on time,private,83,1
P4949,Female,DIT,1,2024,Labasa,413,80,74,84,79,none,none,on time,sponsored,100,1
P4950,Female,DIT,1,2024,Labasa,413,63,88,88,77,none,none,on time,private,80,1
P4951,Male,DIT,2,2024,Labasa,413,82,65,83,85,none,none,on time,private,89,1
P4952,Male,DIT,1,2024,Labasa,413,62,94,81,80,none,none,on time,sponsored,93,1
P4953,Male,DIT,1,2024,Labasa,413,61,66,74,66,none,none,on time,private,92,1
P4954,Male,DIT,1,2024,Labasa,413,66,61,69,81,none,none,on time,private,86,1
P4955,Female,DIT,2,2024,Labasa,413,70,61,85,83,none,none,on time,sponsored,71,1
P4956,Male,DIT,2,2024,Labasa,413,43,11,0,5,none,none,late submission,sponsored,34,0
P4957,Male,DIT,1,2024,Labasa,413,63,60,70,86,none,none,on time,private,80,1
P4958,Male,DIT,1,2024,Labasa,413,71,82,76,88,none,none,on time,sponsored,80,1
P4959,Female,DIT,1,2024,Labasa,413,66,88,72,68,none,none,on time,private,71,1
P4960,Female,DIT,1,2024,Labasa,413,41,1,14,42,none,none,late submission,private,75,0
P4961,Male,DIT,1,2024,Labasa,413,73,79,60,73,none,none,on time,private,82,1
P4962,Male,DIT,1,2024,Labasa,413,73,87,62,92,none,none,on time,sponsored,74,1
P4963,Female,DIT,1,2024,Labasa,413,74,81,71,94,none,none,on time,sponsored,79,1
P4964,Female,DIT,2,2024,Labasa,413,43,36,21,9,none,none,late submission,private,31,0
P4965,Male,DIT,2,2024,Labasa,413,86,91,60,61,none,none,on time,sponsored,71,1
P4966,Female,DIT,2,2024,Labasa,413,4,34,24,45,none,none,late submission,sponsored,70,0
P4967,Female,DIT,2,2024,Labasa,413,90,92,77,68,none,none,on time,sponsored,94,1
P4968,Male,DIT,1,2024,Labasa,413,83,74,61,60,none,none,on time,private,79,1
P4969,Female,DIT,2,2024,Labasa,413,81,80,60,73,none,none,on time,sponsored,94,1
P4970,Male,DIT,2,2024,Labasa,413,13,24,20,16,none,none,late submission,private,9,0
P4971,Male,DIT,2,2024,Labasa,413,94,76,71,63,none,none,on time,private,73,1
P4972,Male,DIT,1,2024,Labasa,413,81,66,64,60,none,none,on time,private,77,1
P4973,Male,DIT,1,2024,Labasa,413,62,82,75,60,none,none,on time,private,98,1
P4974,Female,DIT,2,2024,Labasa,413,65,84,85,88,none,none,on time,sponsored,74,1
P4975,Male,DIT,1,2024,Labasa,413,81,89,81,95,none,none,on time,private,70,1
P4976,Female,DIT,2,2024,Labasa,413,10,37,47,37,none,none,late submission,sponsored,23,0
P4977,Female,DIT,2,2024,Labasa,413,75,86,71,60,none,none,on time,sponsored,71,1
P4978,Male,DIT,2,2024,Labasa,413,64,76,89,89,none,none,on time,sponsored,86,1
P4979,Male,DIT,1,2024,Labasa,413,65,82,70,74,none,none,on time,sponsored,84,1
P4980,Male,DIT,1,2024,Labasa,413,66,70,64,82,none,none,on time,sponsored,92,1
P4981,Male,BIS,2,2024,Labasa,501,66,none,none,92,87,0,on time,private,91,1
P4982,Female,BIS,1,2024,Labasa,501,89,none,none,84,95,0,on time,private,98,1
P4983,Male,BIS,2,2024,Labasa,501,64,69,none,71,0,0,on time,sponsored,95,1
P4984,Male,BIS,1,2024,Labasa,501,46,none,none,3,11,0,late submission,sponsored,17,0
P4985,Male,BIS,1,2024,Labasa,501,63,65,none,77,0,73,on time,sponsored,100,1
P4986,Male,BIS,1,2024,Labasa,501,none,none,none,68,62,0,on time,private,100,1
P4987,Male,BIS,1,2024,Labasa,501,31,none,none,44,6,23,late submission,private,16,0
P4988,Male,BIS,1,2024,Labasa,501,63,76,none,72,60,82,on time,private,83,1
P4989,Female,BIS,2,2024,Labasa,501,none,none,none,61,70,86,on time,sponsored,82,1
P4990,Female,BIS,2,2024,Labasa,501,none,none,none,76,0,0,on time,sponsored,89,1
P4991,Female,BIS,1,2024,Labasa,501,67,none,none,92,0,0,on time,sponsored,72,1
P4992,Female,BIS,2,2024,Labasa,501,none,none,none,65,0,0,on time,sponsored,94,1
P4993,Male,BIS,2,2024,Labasa,501,none,88,none,85,0,72,on time,private,94,1
P4994,Female,BIS,2,2024,Labasa,501,70,none,none,70,84,87,on time,private,90,1
P4995,Male,BIS,2,2024,Labasa,501,50,none,none,53,0,0,late submission,sponsored,32,0
P4996,Female,BIS,1,2024,Labasa,501,94,66,none,69,0,0,on time,sponsored,86,1
P4997,Female,BIS,1,2024,Labasa,501,68,none,none,83,0,94,on time,sponsored,80,1
P4998,Male,BIS,1,2024,Labasa,501,none,65,none,93,0,0,on time,sponsored,76,1
P4999,Female,BIS,2,2024,Labasa,501,31,50,none,25,0,0,late submission,private,49,0
P5000,Male,BIS,2,2024,Labasa,501,36,54,none,25,0,51,late submission,private,55,0
P5001,Female,BIS,1,2024,Labasa,501,11,18,none,1,34,0,late submission,sponsored,16,0
P5002,Female,BIS,1,2024,Labasa,501,none,20,none,36,0,0,late submission,private,23,0
P5003,Male,BIS,1,2024,Labasa,501,29,none,none,23,49,17,late submission,sponsored,30,0
P5004,Female,BIS,1,2024,Labasa,501,42,none,none,15,50,26,late submission,sponsored,36,0
P5005,Female,BIS,2,2024,Labasa,501,28,14,none,14,6,1,late submission,sponsored,27,0
P5006,Female,BIS,2,2024,Labasa,501,5,46,none,5,0,20,late submission,sponsored,18,0
P5007,Male,BIS,2,2024,Labasa,501,27,16,none,54,0,3,late submission,sponsored,35,0
P5008,Female,BIS,1,2024,Labasa,501,93,none,none,74,0,88,on time,sponsored,75,1
P5009,Female,BIS,2,2024,Labasa,501,72,none,none,77,63,82,on time,sponsored,83,1
P5010,Female,BIS,1,2024,Labasa,501,none,none,none,69,90,68,on time,private,99,1
P5011,Female,BIS,1,2024,Labasa,501,67,61,none,74,67,85,on time,sponsored,91,1
P5012,Female,BIS,1,2024,Labasa,501,12,39,none,22,45,0,late submission,sponsored,25,0
P5013,Male,BIS,1,2024,Labasa,501,75,68,none,82,73,69,on time,private,75,1
P5014,Male,BIS,2,2024,Labasa,501,none,60,none,83,90,82,on time,sponsored,89,1
P5015,Male,BIS,1,2024,Labasa,501,62,none,none,63,0,62,on time,private,72,1
P5016,Female,BIS,2,2024,Labasa,501,none,none,none,6,0,7,late submission,sponsored,15,0
P5017,Female,BIS,1,2024,Labasa,501,none,65,none,87,0,0,on time,sponsored,97,1
P5018,Male,BIS,2,2024,Labasa,501,none,none,none,69,70,0,on time,sponsored,78,1
P5019,Female,BIS,1,2024,Labasa,501,none,82,none,63,84,81,on time,sponsored,91,1
P5020,Female,BIS,1,2024,Labasa,501,none,none,none,34,0,0,late submission,private,31,0
P5021,Female,BIS,1,2024,Labasa,501,42,14,none,49,0,9,late submission,private,0,0
P5022,Male,BIS,1,2024,Labasa,501,none,32,none,42,25,0,late submission,private,22,0
P5023,Female,BIS,2,2024,Labasa,501,none,83,none,76,64,0,on time,private,93,1
P5024,Male,BIS,2,2024,Labasa,501,4,21,none,17,1,0,late submission,sponsored,34,0
P5025,Male,BIS,2,2024,Labasa,501,none,none,none,68,0,0,on time,private,85,1
P5026,Male,BIS,1,2024,Labasa,501,none,none,none,79,64,0,on time,private,97,1
P5027,Female,BIS,2,2024,Labasa,501,none,93,none,73,64,0,on time,private,90,1
P5028,Female,BIS,1,2024,Labasa,501,68,none,none,89,0,0,on time,sponsored,89,1
P5029,Female,BIS,1,2024,Labasa,501,none,none,none,40,0,0,late submission,private,26,0
P5030,Male,BIS,1,2024,Labasa,501,none,none,none,2,10,37,late submission,private,74,0
P5031,Female,BIS,1,2024,Labasa,501,17,36,none,51,0,0,late submission,private,62,0
P5032,Male,BIS,1,2024,Labasa,501,85,79,none,91,0,0,on time,private,87,1
P5033,Female,BIS,1,2024,Labasa,501,82,62,none,81,62,86,on time,private,76,1
P5034,Female,BIS,2,2024,Labasa,501,62,77,none,71,0,65,on time,sponsored,85,1
P5035,Female,BIS,1,2024,Labasa,501,none,63,none,89,60,0,on time,sponsored,82,1
P5036,Male,BIS,1,2024,Labasa,501,73,none,none,65,0,0,on time,private,84,1
P5037,Female,BIS,2,2024,Labasa,501,15,21,none,55,18,0,late submission,private,52,0
P5038,Male,BIS,2,2024,Labasa,501,75,77,none,78,0,0,on time,sponsored,82,1
P5039,Male,BIS,1,2024,Labasa,501,92,68,none,73,0,66,on time,private,71,1
P5040,Male,BIS,1,2024,Labasa,501,none,none,none,7,0,48,late submission,private,73,0
P5041,Female,BIS,2,2024,Labasa,603,72,none,33.61,none,none,none,on time,private,97,1
P5042,Female,BIS,2,2024,Labasa,603,68,none,26.12,none,none,none,on time,sponsored,95,1
P5043,Male,BIS,1,2024,Labasa,603,79,none,36.45,none,none,none,on time,private,88,1
P5044,Male,BIS,1,2024,Labasa,603,61,none,29.24,none,none,none,on time,sponsored,77,1
P5045,Female,BIS,1,2024,Labasa,603,89,none,35,none,none,none,on time,sponsored,73,1
P5046,Female,BIS,2,2024,Labasa,603,72,none,34.92,none,none,none,on time,private,89,1
P5047,Female,BIS,2,2024,Labasa,603,51,none,2.76,none,none,none,late submission,private,71,0
P5048,Male,BIS,1,2024,Labasa,603,72,none,32.78,none,none,none,on time,private,81,1
P5049,Female,BIS,2,2024,Labasa,603,74,none,53.04,none,none,none,on time,sponsored,72,1
P5050,Female,BIS,1,2024,Labasa,603,12,none,29.01,none,none,none,late submission,sponsored,37,0
P5051,Male,BIS,1,2024,Labasa,603,79,none,38.73,none,none,none,on time,sponsored,77,1
P5052,Male,BIS,2,2024,Labasa,603,61,none,34.04,none,none,none,on time,sponsored,90,1
P5053,Female,BIS,2,2024,Labasa,603,94,none,49.94,none,none,none,on time,private,92,1
P5054,Male,BIS,2,2024,Labasa,603,77,none,36.44,none,none,none,on time,sponsored,98,1
P5055,Male,BIS,1,2024,Labasa,603,28,none,31.12,none,none,none,late submission,private,11,0
P5056,Male,BIS,2,2024,Labasa,603,73,none,50.24,none,none,none,on time,private,71,1
P5057,Male,BIS,1,2024,Labasa,603,63,none,29.9,none,none,none,on time,private,95,1
P5058,Female,BIS,2,2024,Labasa,603,81,none,46.89,none,none,none,on time,private,75,1
P5059,Male,BIS,1,2024,Labasa,603,74,none,25.28,none,none,none,on time,sponsored,86,1
P5060,Male,BIS,1,2024,Labasa,603,73,none,31.13,none,none,none,on time,sponsored,88,1
P5061,Male,BIS,1,2024,Labasa,603,86,none,39.05,none,none,none,on time,private,76,1
P5062,Male,BIS,1,2024,Labasa,603,83,none,52.98,none,none,none,on time,private,83,1
P5063,Male,BIS,2,2024,Labasa,603,39,none,21.35,none,none,none,late submission,private,18,0
P5064,Female,BIS,1,2024,Labasa,603,17,none,22.46,none,none,none,late submission,sponsored,7,0
P5065,Male,BIS,1,2024,Labasa,603,74,none,47.04,none,none,none,on time,sponsored,98,1
P5066,Female,BIS,2,2024,Labasa,603,77,none,46.5,none,none,none,on time,sponsored,70,1
P5067,Male,BIS,1,2024,Labasa,603,64,none,53.4,none,none,none,on time,private,79,1
P5068,Male,BIS,1,2024,Labasa,603,68,none,33.78,none,none,none,on time,sponsored,75,1
P5069,Female,BIS,1,2024,Labasa,603,76,none,44.82,none,none,none,on time,private,98,1
P5070,Female,BIS,1,2024,Labasa,603,20,none,28.87,none,none,none,late submission,private,60,0
P5071,Female,BIS,1,2024,Labasa,603,76,none,26.5,none,none,none,on time,sponsored,96,1
P5072,Female,BIS,1,2024,Labasa,603,69,none,48.66,none,none,none,on time,private,99,1
P5073,Female,BIS,1,2024,Labasa,603,71,none,29.67,none,none,none,on time,sponsored,97,1
P5074,Male,BIS,2,2024,Labasa,603,76,none,52.45,none,none,none,on time,private,94,1
P5075,Male,BIS,1,2024,Labasa,603,88,none,42.2,none,none,none,on time,sponsored,90,1
P5076,Male,BIS,1,2024,Labasa,603,63,none,28.58,none,none,none,on time,sponsored,72,1
P5077,Female,BIS,1,2024,Labasa,603,63,none,45.09,none,none,none,on time,private,81,1
P5078,Male,BIS,2,2024,Labasa,603,44,none,1.26,none,none,none,late submission,private,62,0
P5079,Male,BIS,1,2024,Labasa,603,82,none,30.35,none,none,none,on time,private,88,1
P5080,Female,BIS,1,2024,Labasa,603,69,none,52.16,none,none,none,on time,sponsored,75,1
P5081,Female,BIS,2,2024,Labasa,603,71,none,29.91,none,none,none,on time,private,87,1
P5082,Female,BIS,2,2024,Labasa,603,71,none,36.31,none,none,none,on time,private,73,1
P5083,Female,BIS,2,2024,Labasa,603,72,none,52.26,none,none,none,on time,private,90,1
P5084,Male,BIS,1,2024,Labasa,603,79,none,38.28,none,none,none,on time,private,79,1
P5085,Male,BIS,2,2024,Labasa,603,92,none,42.98,none,none,none,on time,private,86,1
P5086,Female,BIS,1,2024,Labasa,603,60,none,50.81,none,none,none,on time,sponsored,70,1
P5087,Female,BIS,2,2024,Labasa,603,72,none,48.64,none,none,none,on time,private,94,1
P5088,Female,BIS,2,2024,Labasa,603,85,none,37.81,none,none,none,on time,sponsored,92,1
P5089,Male,BIS,1,2024,Labasa,603,14,none,9.38,none,none,none,late submission,private,40,0
P5090,Female,BIS,2,2024,Labasa,603,70,none,52.36,none,none,none,on time,sponsored,95,1
P5091,Male,BIS,1,2024,Labasa,603,82,none,41.28,none,none,none,on time,private,98,1
P5092,Male,BIS,1,2024,Labasa,603,69,none,42.78,none,none,none,on time,sponsored,81,1
P5093,Male,BIS,1,2024,Labasa,603,73,none,26.26,none,none,none,on time,private,97,1
P5094,Female,BIS,2,2024,Labasa,603,14,none,15.26,none,none,none,late submission,private,74,0
P5095,Female,BIS,1,2024,Labasa,603,71,none,26.28,none,none,none,on time,private,75,1
P5096,Female,BIS,1,2024,Labasa,603,95,none,35.19,none,none,none,on time,sponsored,78,1
P5097,Male,BIS,1,2024,Labasa,603,62,none,33.18,none,none,none,on time,sponsored,77,1
P5098,Male,BIS,1,2024,Labasa,603,71,none,50.52,none,none,none,on time,sponsored,90,1
P5099,Male,BIS,1,2024,Labasa,603,32,none,23.2,none,none,none,late submission,private,47,0
P5100,Male,BIS,2,2024,Labasa,603,94,none,37.51,none,none,none,on time,private,97,1
P5101,Female,CERTIV IT,2,2024,Nasinu,410,67,none,none,93,0,95,on time,sponsored,70,1
P5102,Male,CERTIV IT,2,2024,Nasinu,410,60,none,none,62,84,92,on time,sponsored,79,1
P5103,Female,CERTIV IT,2,2024,Nasinu,410,80,none,none,93,0,85,on time,sponsored,85,1
P5104,Female,CERTIV IT,2,2024,Nasinu,410,87,none,none,68,0,71,on time,sponsored,94,1
P5105,Male,CERTIV IT,1,2024,Nasinu,410,71,none,none,64,72,61,on time,sponsored,83,1
P5106,Female,CERTIV IT,1,2024,Nasinu,410,94,none,none,73,0,91,on time,private,75,1
P5107,Male,CERTIV IT,1,2024,Nasinu,410,69,none,none,86,77,70,on time,private,89,1
P5108,Male,CERTIV IT,1,2024,Nasinu,410,74,none,none,87,0,61,on time,sponsored,70,1
P5109,Male,CERTIV IT,1,2024,Nasinu,410,70,none,none,94,81,94,on time,sponsored,81,1
P5110,Female,CERTIV IT,1,2024,Nasinu,410,40,none,none,2,20,17,late submission,private,0,0
P5111,Male,CERTIV IT,1,2024,Nasinu,410,95,none,none,70,86,63,on time,private,70,1
P5112,Male,CERTIV IT,2,2024,Nasinu,410,70,none,none,89,87,74,on time,private,92,1
P5113,Male,CERTIV IT,1,2024,Nasinu,410,43,none,none,50,13,52,late submission,private,64,0
P5114,Female,CERTIV IT,2,2024,Nasinu,410,40,none,none,7,0,11,late submission,private,10,0
P5115,Female,CERTIV IT,2,2024,Nasinu,410,66,none,none,60,64,69,on time,private,83,1
P5116,Male,CERTIV IT,1,2024,Nasinu,410,43,none,none,34,54,22,late submission,sponsored,19,0
P5117,Male,CERTIV IT,2,2024,Nasinu,410,93,none,none,90,80,85,on time,sponsored,93,1
P5118,Female,CERTIV IT,2,2024,Nasinu,410,87,none,none,83,70,94,on time,sponsored,90,1
P5119,Male,CERTIV IT,2,2024,Nasinu,410,89,none,none,88,86,89,on time,sponsored,72,1
P5120,Male,CERTIV IT,2,2024,Nasinu,410,34,none,none,44,0,42,late submission,sponsored,53,0
P5121,Female,CERTIV IT,1,2024,Nasinu,410,85,none,none,84,0,94,on time,sponsored,70,1
P5122,Female,CERTIV IT,1,2024,Nasinu,410,68,none,none,80,88,79,on time,sponsored,81,1
P5123,Male,CERTIV IT,2,2024,Nasinu,410,87,none,none,60,0,68,on time,private,89,1
P5124,Male,CERTIV IT,2,2024,Nasinu,410,86,none,none,87,79,88,on time,sponsored,85,1
P5125,Female,CERTIV IT,2,2024,Nasinu,410,79,none,none,91,0,78,on time,private,70,1
P5126,Female,CERTIV IT,2,2024,Nasinu,410,92,none,none,79,0,89,on time,sponsored,86,1
P5127,Male,CERTIV IT,2,2024,Nasinu,410,13,none,none,25,46,24,late submission,private,66,0
P5128,Female,CERTIV IT,1,2024,Nasinu,410,70,none,none,92,85,80,on time,sponsored,80,1
P5129,Male,CERTIV IT,1,2024,Nasinu,410,25,none,none,8,29,25,late submission,sponsored,4,0
P5130,Female,CERTIV IT,2,2024,Nasinu,410,61,none,none,94,0,94,on time,sponsored,98,1
P5131,Female,CERTIV IT,2,2024,Nasinu,410,60,none,none,95,94,62,on time,sponsored,94,1
P5132,Female,CERTIV IT,2,2024,Nasinu,410,90,none,none,76,0,86,on time,sponsored,96,1
P5133,Male,CERTIV IT,1,2024,Nasinu,410,83,none,none,60,63,73,on time,private,100,1
P5134,Male,CERTIV IT,2,2024,Nasinu,410,66,none,none,82,73,82,on time,private,94,1
P5135,Female,CERTIV IT,2,2024,Nasinu,410,88,none,none,94,0,88,on time,sponsored,78,1
P5136,Male,CERTIV IT,2,2024,Nasinu,410,33,none,none,30,0,41,late submission,sponsored,2,0
P5137,Male,CERTIV IT,1,2024,Nasinu,410,87,none,none,83,67,74,on time,sponsored,94,1
P5138,Female,CERTIV IT,2,2024,Nasinu,410,62,none,none,85,0,81,on time,sponsored,78,1
P5139,Female,CERTIV IT,2,2024,Nasinu,410,19,none,none,2,24,50,late submission,sponsored,47,0
P5140,Male,CERTIV IT,1,2024,Nasinu,410,90,none,none,68,0,71,on time,private,81,1
P5141,Male,CERTIV IT,1,2024,Nasinu,410,75,none,none,73,0,61,on time,private,70,1
P5142,Female,CERTIV IT,2,2024,Nasinu,410,79,none,none,94,0,83,on time,private,98,1
P5143,Male,CERTIV IT,2,2024,Nasinu,410,94,none,none,74,80,91,on time,sponsored,73,1
P5144,Male,CERTIV IT,1,2024,Nasinu,410,73,none,none,66,70,60,on time,private,93,1
P5145,Male,CERTIV IT,2,2024,Nasinu,410,64,none,none,90,75,89,on time,sponsored,75,1
P5146,Female,CERTIV IT,1,2024,Nasinu,410,82,none,none,95,0,95,on time,sponsored,78,1
P5147,Female,CERTIV IT,1,2024,Nasinu,410,70,none,none,82,0,66,on time,private,91,1
P5148,Female,CERTIV IT,1,2024,Nasinu,410,23,none,none,39,0,4,late submission,private,41,0
P5149,Male,CERTIV IT,2,2024,Nasinu,410,23,none,none,19,38,16,late submission,sponsored,67,0
P5150,Female,CERTIV IT,2,2024,Nasinu,410,83,none,none,73,82,79,on time,sponsored,85,1
P5151,Female,CERTIV IT,2,2024,Nasinu,410,67,none,none,82,0,72,on time,private,95,1
P5152,Female,CERTIV IT,2,2024,Nasinu,410,21,none,none,14,31,14,late submission,sponsored,26,0
P5153,Male,CERTIV IT,1,2024,Nasinu,410,64,none,none,72,75,87,on time,sponsored,83,1
P5154,Male,CERTIV IT,2,2024,Nasinu,410,95,none,none,64,82,90,on time,sponsored,98,1
P5155,Female,CERTIV IT,1,2024,Nasinu,410,71,none,none,80,0,71,on time,private,96,1
P5156,Male,CERTIV IT,2,2024,Nasinu,410,73,none,none,80,0,92,on time,private,83,1
P5157,Male,CERTIV IT,1,2024,Nasinu,410,82,none,none,87,90,78,on time,sponsored,97,1
P5158,Female,CERTIV IT,2,2024,Nasinu,410,88,none,none,84,0,64,on time,private,93,1
P5159,Female,CERTIV IT,1,2024,Nasinu,410,76,none,none,84,0,81,on time,sponsored,82,1
P5160,Male,CERTIV IT,1,2024,Nasinu,410,94,none,none,95,0,74,on time,sponsored,73,1
P5161,Male,DIT,1,2024,Nasinu,411,6,none,45,5,none,34,late submission,sponsored,43,0
P5162,Female,DIT,2,2024,Nasinu,411,24,none,17,47,none,32,late submission,private,21,0
P5163,Female,DIT,2,2024,Nasinu,411,95,none,83,91,none,81,on time,sponsored,84,1
P5164,Female,DIT,1,2024,Nasinu,411,11,none,9,4,none,28,late submission,sponsored,14,0
P5165,Female,DIT,1,2024,Nasinu,411,40,none,38,55,none,28,late submission,sponsored,38,0
P5166,Male,DIT,2,2024,Nasinu,411,76,none,81,66,none,77,on time,private,80,1
P5167,Male,DIT,2,2024,Nasinu,411,93,none,85,93,none,66,on time,sponsored,97,1
P5168,Male,DIT,1,2024,Nasinu,411,73,none,93,92,none,81,on time,sponsored,90,1
P5169,Female,DIT,1,2024,Nasinu,411,39,none,31,53,none,34,late submission,sponsored,73,0
P5170,Male,DIT,2,2024,Nasinu,411,52,none,1,47,none,50,late submission,sponsored,43,0
P5171,Male,DIT,1,2024,Nasinu,411,83,none,80,69,none,95,on time,sponsored,88,1
P5172,Female,DIT,2,2024,Nasinu,411,65,none,80,92,none,94,on time,private,77,1
P5173,Male,DIT,2,2024,Nasinu,411,12,none,8,43,none,25,late submission,private,1,0
P5174,Male,DIT,1,2024,Nasinu,411,60,none,75,94,none,68,on time,sponsored,77,1
P5175,Female,DIT,2,2024,Nasinu,411,82,none,67,75,none,87,on time,private,97,1
P5176,Male,DIT,1,2024,Nasinu,411,92,none,67,62,none,78,on time,sponsored,80,1
P5177,Female,DIT,1,2024,Nasinu,411,45,none,29,13,none,25,late submission,sponsored,38,0
P5178,Male,DIT,2,2024,Nasinu,411,13,none,24,48,none,25,late submission,private,67,0
P5179,Male,DIT,2,2024,Nasinu,411,92,none,85,75,none,73,on time,private,92,1
P5180,Female,DIT,1,2024,Nasinu,411,40,none,21,34,none,20,late submission,sponsored,7,0
P5181,Female,DIT,1,2024,Nasinu,411,88,none,75,65,none,81,on time,private,100,1
P5182,Female,DIT,2,2024,Nasinu,411,82,none,82,67,none,66,on time,sponsored,85,1
P5183,Female,DIT,2,2024,Nasinu,411,68,none,92,75,none,90,on time,sponsored,100,1
P5184,Female,DIT,1,2024,Nasinu,411,94,none,86,84,none,86,on time,sponsored,97,1
P5185,Male,DIT,2,2024,Nasinu,411,33,none,5,24,none,51,late submission,sponsored,37,0
P5186,Female,DIT,2,2024,Nasinu,411,64,none,62,66,none,89,on time,private,92,1
P5187,Female,DIT,1,2024,Nasinu,411,86,none,76,62,none,83,on time,private,97,1
P5188,Male,DIT,1,2024,Nasinu,411,68,none,91,73,none,60,on time,sponsored,87,1
P5189,Female,DIT,1,2024,Nasinu,411,68,none,92,66,none,76,on time,private,76,1
P5190,Female,DIT,2,2024,Nasinu,411,80,none,73,61,none,86,on time,sponsored,86,1
P5191,Male,DIT,2,2024,Nasinu,411,71,none,71,92,none,94,on time,sponsored,78,1
P5192,Female,DIT,2,2024,Nasinu,411,7,none,54,45,none,15,late submission,private,40,0
P5193,Female,DIT,2,2024,Nasinu,411,89,none,77,72,none,61,on time,sponsored,85,1
P5194,Female,DIT,1,2024,Nasinu,411,49,none,46,49,none,53,late submission,private,49,0
P5195,Male,DIT,1,2024,Nasinu,411,92,none,91,73,none,95,on time,sponsored,76,1
P5196,Female,DIT,2,2024,Nasinu,411,74,none,73,85,none,78,on time,sponsored,81,1
P5197,Female,DIT,2,2024,Nasinu,411,74,none,60,60,none,67,on time,sponsored,78,1
P5198,Female,DIT,1,2024,Nasinu,411,61,none,71,94,none,68,on time,private,90,1
P5199,Female,DIT,1,2024,Nasinu,411,62,none,76,64,none,70,on time,sponsored,95,1
P5200,Male,DIT,1,2024,Nasinu,411,88,none,89,68,none,60,on time,private,93,1
P5201,Female,DIT,2,2024,Nasinu,411,77,none,66,73,none,70,on time,private,71,1
P5202,Female,DIT,2,2024,Nasinu,411,3,none,39,30,none,45,late submission,sponsored,30,0
P5203,Female,DIT,1,2024,Nasinu,411,48,none,17,34,none,29,late submission,sponsored,18,0
P5204,Male,DIT,2,2024,Nasinu,411,86,none,73,71,none,71,on time,private,82,1
P5205,Female,DIT,1,2024,Nasinu,411,11,none,18,0,none,16,late submission,sponsored,38,0
P5206,Male,DIT,1,2024,Nasinu,411,62,none,72,79,none,84,on time,sponsored,73,1
P5207,Female,DIT,1,2024,Nasinu,411,90,none,60,69,none,94,on time,sponsored,76,1
P5208,Female,DIT,2,2024,Nasinu,411,69,none,62,62,none,81,on time,sponsored,75,1
P5209,Male,DIT,2,2024,Nasinu,411,4,none,36,23,none,12,late submission,sponsored,53,0
P5210,Female,DIT,1,2024,Nasinu,411,80,none,61,63,none,66,on time,private,84,1
P5211,Female,DIT,1,2024,Nasinu,411,61,none,89,73,none,89,on time,sponsored,100,1
P5212,Male,DIT,1,2024,Nasinu,411,10,none,10,5,none,6,late submission,private,4,0
P5213,Male,DIT,2,2024,Nasinu,411,64,none,84,91,none,69,on time,private,93,1
P5214,Male,DIT,1,2024,Nasinu,411,80,none,77,86,none,67,on time,private,96,1
P5215,Female,DIT,1,2024,Nasinu,411,90,none,60,89,none,76,on time,sponsored,87,1
P5216,Female,DIT,1,2024,Nasinu,411,79,none,78,68,none,71,on time,sponsored,74,1
P5217,Female,DIT,1,2024,Nasinu,411,69,none,81,71,none,73,on time,sponsored,82,1
P5218,Female,DIT,1,2024,Nasinu,411,77,none,79,88,none,90,on time,sponsored,93,1
P5219,Male,DIT,2,2024,Nasinu,411,86,none,82,80,none,66,on time,sponsored,76,1
P5220,Male,DIT,1,2024,Nasinu,411,79,none,95,61,none,68,on time,private,72,1
P5221,Female,DIT,2,2024,Nasinu,413,7,24,2,8,none,none,late submission,private,45,0
P5222,Male,DIT,1,2024,Nasinu,413,94,65,70,87,none,none,on time,private,73,1
P5223,Female,DIT,2,2024,Nasinu,413,76,90,95,87,none,none,on time,private,95,1
P5224,Female,DIT,1,2024,Nasinu,413,60,92,93,77,none,none,on time,sponsored,82,1
P5225,Female,DIT,2,2024,Nasinu,413,88,95,65,67,none,none,on time,sponsored,86,1
P5226,Male,DIT,2,2024,Nasinu,413,65,87,79,62,none,none,on time,sponsored,97,1
P5227,Male,DIT,2,2024,Nasinu,413,85,68,72,80,none,none,on time,sponsored,93,1
P5228,Male,DIT,2,2024,Nasinu,413,77,88,62,92,none,none,on time,private,86,1
P5229,Male,DIT,1,2024,Nasinu,413,80,77,87,71,none,none,on time,private,100,1
P5230,Male,DIT,1,2024,Nasinu,413,91,69,60,82,none,none,on time,sponsored,75,1
P5231,Female,DIT,1,2024,Nasinu,413,3,1,1,35,none,none,late submission,sponsored,27,0
P5232,Female,DIT,1,2024,Nasinu,413,15,37,7,39,none,none,late submission,private,51,0
P5233,Male,DIT,1,2024,Nasinu,413,67,76,67,85,none,none,on time,sponsored,88,1
P5234,Male,DIT,1,2024,Nasinu,413,84,69,75,68,none,none,on time,sponsored,97,1
P5235,Female,DIT,1,2024,Nasinu,413,47,45,39,2,none,none,late submission,private,74,0
P5236,Female,DIT,1,2024,Nasinu,413,79,94,65,95,none,none,on time,private,93,1
P5237,Female,DIT,2,2024,Nasinu,413,2,3,1,38,none,none,late submission,sponsored,49,0
P5238,Female,DIT,1,2024,Nasinu,413,75,88,65,66,none,none,on time,sponsored,73,1
P5239,Male,DIT,2,2024,Nasinu,413,76,81,92,69,none,none,on time,private,89,1
P5240,Female,DIT,1,2024,Nasinu,413,51,54,42,0,none,none,late submission,private,24,0
P5241,Male,DIT,2,2024,Nasinu,413,77,86,86,61,none,none,on time,sponsored,94,1
P5242,Female,DIT,2,2024,Nasinu,413,78,77,85,87,none,none,on time,private,88,1
P5243,Female,DIT,1,2024,Nasinu,413,95,68,77,61,none,none,on time,sponsored,73,1
P5244,Male,DIT,1,2024,Nasinu,413,74,92,88,78,none,none,on time,sponsored,74,1
P5245,Male,DIT,1,2024,Nasinu,413,2,33,22,32,none,none,late submission,sponsored,50,0
P5246,Male,DIT,2,2024,Nasinu,413,89,74,82,72,none,none,on time,sponsored,80,1
P5247,Female,DIT,2,2024,Nasinu,413,82,89,61,60,none,none,on time,sponsored,99,1
P5248,Female,DIT,1,2024,Nasinu,413,95,81,66,95,none,none,on time,sponsored,73,1
P5249,Male,DIT,2,2024,Nasinu,413,22,36,1,18,none,none,late submission,private,22,0
P5250,Female,DIT,1,2024,Nasinu,413,38,11,14,3,none,none,late submission,private,7,0
P5251,Female,DIT,2,2024,Nasinu,413,68,95,75,93,none,none,on time,sponsored,71,1
P5252,Male,DIT,2,2024,Nasinu,413,72,68,87,64,none,none,on time,sponsored,72,1
P5253,Female,DIT,1,2024,Nasinu,413,94,83,60,91,none,none,on time,private,90,1
P5254,Female,DIT,2,2024,Nasinu,413,19,24,46,2,none,none,late submission,private,28,0
P5255,Female,DIT,1,2024,Nasinu,413,14,54,40,19,none,none,late submission,private,56,0
P5256,Female,DIT,1,2024,Nasinu,413,75,60,83,91,none,none,on time,private,72,1
P5257,Male,DIT,2,2024,Nasinu,413,75,82,95,86,none,none,on time,private,74,1
P5258,Male,DIT,2,2024,Nasinu,413,10,20,48,6,none,none,late submission,sponsored,68,0
P5259,Male,DIT,2,2024,Nasinu,413,88,60,92,85,none,none,on time,private,75,1
P5260,Female,DIT,2,2024,Nasinu,413,54,8,17,4,none,none,late submission,sponsored,51,0
P5261,Female,DIT,2,2024,Nasinu,413,50,39,18,30,none,none,late submission,private,56,0
P5262,Female,DIT,1,2024,Nasinu,413,73,83,60,62,none,none,on time,sponsored,88,1
P5263,Female,DIT,1,2024,Nasinu,413,19,9,8,15,none,none,late submission,private,38,0
P5264,Female,DIT,2,2024,Nasinu,413,19,46,26,47,none,none,late submission,sponsored,39,0
P5265,Female,DIT,1,2024,Nasinu,413,21,50,40,27,none,none,late submission,sponsored,19,0
P5266,Female,DIT,2,2024,Nasinu,413,61,85,77,78,none,none,on time,sponsored,78,1
P5267,Male,DIT,1,2024,Nasinu,413,72,94,95,65,none,none,on time,private,92,1
P5268,Male,DIT,2,2024,Nasinu,413,74,79,74,81,none,none,on time,private,97,1
P5269,Female,DIT,1,2024,Nasinu,413,86,94,61,85,none,none,on time,private,86,1
P5270,Female,DIT,2,2024,Nasinu,413,54,6,52,6,none,none,late submission,private,2,0
P5271,Male,DIT,1,2024,Nasinu,413,79,72,77,65,none,none,on time,private,96,1
P5272,Male,DIT,1,2024,Nasinu,413,3,19,39,47,none,none,late submission,private,15,0
P5273,Female,DIT,1,2024,Nasinu,413,9,6,45,46,none,none,late submission,private,30,0
P5274,Female,DIT,1,2024,Nasinu,413,3,44,12,6,none,none,late submission,sponsored,25,0
P5275,Female,DIT,1,2024,Nasinu,413,62,60,73,79,none,none,on time,private,95,1
P5276,Female,DIT,1,2024,Nasinu,413,66,89,95,86,none,none,on time,private,94,1
P5277,Male,DIT,1,2024,Nasinu,413,48,22,43,45,none,none,late submission,sponsored,49,0
P5278,Male,DIT,2,2024,Nasinu,413,89,93,81,83,none,none,on time,private,90,1
P5279,Male,DIT,1,2024,Nasinu,413,81,74,81,93,none,none,on time,private,100,1
P5280,Male,DIT,1,2024,Nasinu,413,95,93,88,93,none,none,on time,sponsored,99,1
P5281,Male,BIS,2,2024,Nasinu,501,74,67,none,66,87,95,on time,sponsored,84,1
P5282,Female,BIS,1,2024,Nasinu,501,76,none,none,94,0,81,on time,private,76,1
P5283,Male,BIS,2,2024,Nasinu,501,none,51,none,35,0,0,late submission,sponsored,71,0
P5284,Female,BIS,1,2024,Nasinu,501,none,none,none,85,71,0,on time,private,90,1
P5285,Male,BIS,2,2024,Nasinu,501,95,89,none,85,90,0,on time,private,94,1
P5286,Female,BIS,1,2024,Nasinu,501,75,none,none,80,63,0,on time,sponsored,92,1
P5287,Male,BIS,2,2024,Nasinu,501,none,none,none,93,76,78,on time,sponsored,85,1
P5288,Male,BIS,1,2024,Nasinu,501,none,none,none,60,79,87,on time,private,79,1
P5289,Male,BIS,2,2024,Nasinu,501,6,4,none,30,0,0,late submission,sponsored,5,0
P5290,Female,BIS,2,2024,Nasinu,501,none,none,none,65,0,61,on time,sponsored,77,1
P5291,Female,BIS,2,2024,Nasinu,501,91,67,none,90,0,80,on time,sponsored,94,1
P5292,Male,BIS,1,2024,Nasinu,501,none,none,none,37,0,32,late submission,private,63,0
P5293,Female,BIS,2,2024,Nasinu,501,none,74,none,61,0,0,on time,sponsored,82,1
P5294,Female,BIS,2,2024,Nasinu,501,none,none,none,88,66,89,on time,private,84,1
P5295,Male,BIS,2,2024,Nasinu,501,none,none,none,73,0,0,on time,private,82,1
P5296,Male,BIS,1,2024,Nasinu,501,none,53,none,32,0,0,late submission,private,56,0
P5297,Male,BIS,2,2024,Nasinu,501,81,85,none,69,88,0,on time,sponsored,88,1
P5298,Male,BIS,2,2024,Nasinu,501,60,none,none,69,90,0,on time,sponsored,78,1
P5299,Male,BIS,2,2024,Nasinu,501,none,73,none,92,90,86,on time,sponsored,92,1
P5300,Female,BIS,2,2024,Nasinu,501,63,none,none,76,0,61,on time,sponsored,77,1
P5301,Female,BIS,1,2024,Nasinu,501,80,87,none,60,80,0,on time,sponsored,93,1
P5302,Female,BIS,1,2024,Nasinu,501,91,82,none,70,87,61,on time,private,86,1
P5303,Female,BIS,1,2024,Nasinu,501,55,none,none,29,46,11,late submission,sponsored,61,0
P5304,Male,BIS,1,2024,Nasinu,501,none,none,none,53,0,0,late submission,private,18,0
P5305,Female,BIS,1,2024,Nasinu,501,none,49,none,10,0,0,late submission,private,13,0
P5306,Female,BIS,2,2024,Nasinu,501,none,66,none,60,73,71,on time,sponsored,77,1
P5307,Male,BIS,2,2024,Nasinu,501,6,11,none,17,31,0,late submission,sponsored,72,0
P5308,Male,BIS,1,2024,Nasinu,501,none,none,none,88,0,60,on time,sponsored,98,1
P5309,Female,BIS,1,2024,Nasinu,501,71,77,none,74,0,0,on time,private,83,1
P5310,Female,BIS,2,2024,Nasinu,501,none,none,none,47,0,16,late submission,sponsored,71,0
P5311,Male,BIS,2,2024,Nasinu,501,none,none,none,89,0,71,on time,private,89,1
P5312,Male,BIS,1,2024,Nasinu,501,none,19,none,3,0,0,late submission,private,28,0
P5313,Female,BIS,2,2024,Nasinu,501,none,95,none,82,0,0,on time,sponsored,96,1
P5314,Male,BIS,2,2024,Nasinu,501,none,86,none,83,86,70,on time,private,86,1
P5315,Male,BIS,1,2024,Nasinu,501,none,none,none,83,79,0,on time,sponsored,96,1
P5316,Female,BIS,1,2024,Nasinu,501,none,none,none,71,60,0,on time,sponsored,75,1
P5317,Male,BIS,1,2024,Nasinu,501,none,none,none,81,0,62,on time,private,81,1
P5318,Female,BIS,2,2024,Nasinu,501,none,70,none,75,85,87,on time,sponsored,76,1
P5319,Male,BIS,1,2024,Nasinu,501,none,77,none,65,70,0,on time,sponsored,93,1
P5320,Female,BIS,2,2024,Nasinu,501,none,15,none,25,12,0,late submission,sponsored,17,0
P5321,Female,BIS,2,2024,Nasinu,501,none,none,none,73,0,66,on time,sponsored,72,1
P5322,Male,BIS,2,2024,Nasinu,501,66,none,none,85,0,0,on time,sponsored,92,1
P5323,Female,BIS,1,2024,Nasinu,501,76,none,none,61,87,88,on time,private,86,1
P5324,Male,BIS,1,2024,Nasinu,501,none,none,none,72,70,0,on time,private,75,1
P5325,Male,BIS,2,2024,Nasinu,501,none,none,none,66,79,0,on time,sponsored,80,1
P5326,Female,BIS,2,2024,Nasinu,501,68,none,none,69,65,0,on time,private,78,1
P5327,Male,BIS,1,2024,Nasinu,501,94,none,none,87,0,72,on time,private,70,1
P5328,Male,BIS,1,2024,Nasinu,501,none,none,none,70,0,0,on time,private,87,1
P5329,Female,BIS,2,2024,Nasinu,501,92,none,none,94,0,0,on time,private,86,1
P5330,Male,BIS,2,2024,Nasinu,501,25,none,none,23,19,0,late submission,private,2,0
P5331,Female,BIS,1,2024,Nasinu,501,none,none,none,55,22,48,late submission,sponsored,50,0
P5332,Male,BIS,2,2024,Nasinu,501,70,none,none,95,86,76,on time,private,91,1
P5333,Male,BIS,1,2024,Nasinu,501,15,5,none,36,36,38,late submission,sponsored,21,0
P5334,Male,BIS,2,2024,Nasinu,501,none,86,none,60,0,0,on time,private,96,1
P5335,Female,BIS,1,2024,Nasinu,501,none,none,none,63,65,0,on time,private,85,1
P5336,Male,BIS,1,2024,Nasinu,501,none,74,none,60,0,61,on time,private,79,1
P5337,Female,BIS,2,2024,Nasinu,501,77,67,none,63,0,0,on time,private,80,1
P5338,Female,BIS,1,2024,Nasinu,501,none,none,none,89,71,0,on time,private,92,1
P5339,Male,BIS,2,2024,Nasinu,501,none,none,none,50,26,0,late submission,sponsored,18,0
P5340,Female,BIS,1,2024,Nasinu,501,none,24,none,17,0,7,late submission,sponsored,38,0
P5341,Female,BIS,1,2024,Nasinu,603,93,none,35.86,none,none,none,on time,private,91,1
P5342,Female,BIS,1,2024,Nasinu,603,76,none,43.13,none,none,none,on time,sponsored,92,1
P5343,Male,BIS,1,2024,Nasinu,603,30,none,11.47,none,none,none,late submission,sponsored,54,0
P5344,Female,BIS,1,2024,Nasinu,603,65,none,50.08,none,none,none,on time,sponsored,84,1
P5345,Female,BIS,1,2024,Nasinu,603,62,none,51.47,none,none,none,on time,sponsored,92,1
P5346,Female,BIS,1,2024,Nasinu,603,64,none,48.06,none,none,none,on time,private,78,1
P5347,Male,BIS,1,2024,Nasinu,603,72,none,40.03,none,none,none,on time,private,83,1
P5348,Female,BIS,2,2024,Nasinu,603,70,none,35.77,none,none,none,on time,sponsored,94,1
P5349,Female,BIS,2,2024,Nasinu,603,86,none,41.78,none,none,none,on time,sponsored,82,1
P5350,Male,BIS,2,2024,Nasinu,603,93,none,38.02,none,none,none,on time,sponsored,75,1
P5351,Female,BIS,1,2024,Nasinu,603,81,none,31.81,none,none,none,on time,sponsored,100,1
P5352,Female,BIS,2,2024,Nasinu,603,71,none,27.74,none,none,none,on time,private,100,1
P5353,Female,BIS,1,2024,Nasinu,603,62,none,42.45,none,none,none,on time,sponsored,88,1
P5354,Male,BIS,2,2024,Nasinu,603,63,none,34.14,none,none,none,on time,private,78,1
P5355,Female,BIS,1,2024,Nasinu,603,77,none,31.37,none,none,none,on time,private,84,1
P5356,Male,BIS,2,2024,Nasinu,603,82,none,51.35,none,none,none,on time,private,72,1
P5357,Female,BIS,2,2024,Nasinu,603,48,none,8.18,none,none,none,late submission,private,16,0
P5358,Male,BIS,2,2024,Nasinu,603,93,none,36.18,none,none,none,on time,sponsored,98,1
P5359,Male,BIS,1,2024,Nasinu,603,67,none,25.33,none,none,none,on time,sponsored,85,1
P5360,Female,BIS,2,2024,Nasinu,603,61,none,33.7,none,none,none,on time,private,84,1
P5361,Male,BIS,2,2024,Nasinu,603,62,none,35.12,none,none,none,on time,private,98,1
P5362,Male,BIS,1,2024,Nasinu,603,87,none,42.76,none,none,none,on time,private,84,1
P5363,Male,BIS,1,2024,Nasinu,603,73,none,25.67,none,none,none,on time,private,85,1
P5364,Female,BIS,2,2024,Nasinu,603,95,none,52.99,none,none,none,on time,sponsored,98,1
P5365,Male,BIS,1,2024,Nasinu,603,77,none,48.28,none,none,none,on time,private,98,1
P5366,Male,BIS,2,2024,Nasinu,603,81,none,31.54,none,none,none,on time,private,86,1
P5367,Female,BIS,1,2024,Nasinu,603,86,none,31.13,none,none,none,on time,sponsored,94,1
P5368,Male,BIS,2,2024,Nasinu,603,51,none,34.8,none,none,none,late submission,private,3,0
P5369,Female,BIS,1,2024,Nasinu,603,8,none,29,none,none,none,late submission,sponsored,38,0
P5370,Female,BIS,1,2024,Nasinu,603,64,none,41.35,none,none,none,on time,private,97,1
P5371,Female,BIS,2,2024,Nasinu,603,71,none,50.17,none,none,none,on time,sponsored,82,1
P5372,Male,BIS,2,2024,Nasinu,603,30,none,6.71,none,none,none,late submission,sponsored,73,0
P5373,Male,BIS,1,2024,Nasinu,603,91,none,28.6,none,none,none,on time,sponsored,88,1
P5374,Male,BIS,2,2024,Nasinu,603,74,none,38.91,none,none,none,on time,sponsored,100,1
P5375,Female,BIS,1,2024,Nasinu,603,76,none,30.15,none,none,none,on time,private,96,1
P5376,Female,BIS,1,2024,Nasinu,603,65,none,45.24,none,none,none,on time,sponsored,92,1
P5377,Male,BIS,2,2024,Nasinu,603,67,none,33.47,none,none,none,on time,sponsored,90,1
P5378,Female,BIS,2,2024,Nasinu,603,64,none,43.51,none,none,none,on time,sponsored,82,1
P5379,Female,BIS,1,2024,Nasinu,603,77,none,31.96,none,none,none,on time,sponsored,78,1
P5380,Female,BIS,1,2024,Nasinu,603,29,none,25.36,none,none,none,late submission,sponsored,18,0
P5381,Male,BIS,2,2024,Nasinu,603,84,none,44.02,none,none,none,on time,sponsored,97,1
P5382,Female,BIS,1,2024,Nasinu,603,66,none,36.39,none,none,none,on time,sponsored,80,1
P5383,Female,BIS,1,2024,Nasinu,603,21,none,0.05,none,none,none,late submission,sponsored,65,0
P5384,Female,BIS,1,2024,Nasinu,603,86,none,43.92,none,none,none,on time,sponsored,71,1
P5385,Male,BIS,2,2024,Nasinu,603,32,none,22.02,none,none,none,late submission,sponsored,26,0
P5386,Male,BIS,1,2024,Nasinu,603,93,none,29.97,none,none,none,on time,sponsored,82,1
P5387,Female,BIS,1,2024,Nasinu,603,79,none,50.27,none,none,none,on time,private,94,1
P5388,Female,BIS,1,2024,Nasinu,603,69,none,40.49,none,none,none,on time,private,70,1
P5389,Female,BIS,1,2024,Nasinu,603,65,none,27.26,none,none,none,on time,private,84,1
P5390,Male,BIS,2,2024,Nasinu,603,54,none,3.86,none,none,none,late submission,private,14,0
P5391,Female,BIS,2,2024,Nasinu,603,93,none,29,none,none,none,on time,sponsored,70,1
P5392,Male,BIS,1,2024,Nasinu,603,71,none,54.83,none,none,none,on time,sponsored,84,1
P5393,Female,BIS,1,2024,Nasinu,603,77,none,33.08,none,none,none,on time,private,98,1
P5394,Female,BIS,2,2024,Nasinu,603,81,none,54.95,none,none,none,on time,private,75,1
P5395,Female,BIS,1,2024,Nasinu,603,69,none,33.95,none,none,none,on time,private,70,1
P5396,Female,BIS,1,2024,Nasinu,603,69,none,53.7,none,none,none,on time,sponsored,70,1
P5397,Female,BIS,2,2024,Nasinu,603,88,none,37.15,none,none,none,on time,private,75,1
P5398,Male,BIS,1,2024,Nasinu,603,60,none,28.96,none,none,none,on time,private,90,1
P5399,Female,BIS,1,2024,Nasinu,603,62,none,35.56,none,none,none,on time,private,74,1
P5400,Male,BIS,2,2024,Nasinu,603,94,none,49.45,none,none,none,on time,sponsored,94,1
P5401,Female,CERTIV IT,2,2025,Labasa,410,77,none,none,92,94,67,on time,private,77,1
P5402,Female,CERTIV IT,2,2025,Labasa,410,17,none,none,45,0,9,late submission,private,31,0
P5403,Male,CERTIV IT,1,2025,Labasa,410,85,none,none,89,0,78,on time,private,71,1
P5404,Male,CERTIV IT,1,2025,Labasa,410,71,none,none,68,0,71,on time,private,79,1
P5405,Female,CERTIV IT,1,2025,Labasa,410,60,none,none,84,0,64,on time,sponsored,83,1
P5406,Female,CERTIV IT,2,2025,Labasa,410,84,none,none,69,95,73,on time,private,98,1
P5407,Female,CERTIV IT,2,2025,Labasa,410,45,none,none,31,28,23,late submission,private,51,0
P5408,Female,CERTIV IT,1,2025,Labasa,410,93,none,none,71,0,75,on time,private,77,1
P5409,Male,CERTIV IT,2,2025,Labasa,410,65,none,none,69,0,60,on time,sponsored,86,1
P5410,Male,CERTIV IT,1,2025,Labasa,410,3,none,none,41,0,25,late submission,private,37,0
P5411,Male,CERTIV IT,1,2025,Labasa,410,54,none,none,2,0,46,late submission,sponsored,39,0
P5412,Male,CERTIV IT,1,2025,Labasa,410,93,none,none,91,80,94,on time,sponsored,70,1
P5413,Female,CERTIV IT,1,2025,Labasa,410,80,none,none,84,79,68,on time,private,89,1
P5414,Female,CERTIV IT,1,2025,Labasa,410,63,none,none,93,71,81,on time,sponsored,92,1
P5415,Male,CERTIV IT,1,2025,Labasa,410,87,none,none,66,0,68,on time,private,85,1
P5416,Male,CERTIV IT,2,2025,Labasa,410,65,none,none,90,83,60,on time,sponsored,74,1
P5417,Female,CERTIV IT,2,2025,Labasa,410,81,none,none,90,0,60,on time,private,99,1
P5418,Female,CERTIV IT,1,2025,Labasa,410,16,none,none,7,45,20,late submission,private,39,0
P5419,Male,CERTIV IT,1,2025,Labasa,410,85,none,none,66,60,91,on time,private,85,1
P5420,Female,CERTIV IT,2,2025,Labasa,410,91,none,none,82,63,86,on time,sponsored,75,1
P5421,Male,CERTIV IT,1,2025,Labasa,410,53,none,none,39,47,37,late submission,private,18,0
P5422,Male,CERTIV IT,2,2025,Labasa,410,72,none,none,79,0,79,on time,sponsored,84,1
P5423,Female,CERTIV IT,2,2025,Labasa,410,77,none,none,91,87,88,on time,sponsored,89,1
P5424,Female,CERTIV IT,1,2025,Labasa,410,0,none,none,44,0,26,late submission,sponsored,40,0
P5425,Female,CERTIV IT,1,2025,Labasa,410,40,none,none,2,0,5,late submission,private,9,0
P5426,Female,CERTIV IT,1,2025,Labasa,410,5,none,none,17,0,12,late submission,private,21,0
P5427,Female,CERTIV IT,1,2025,Labasa,410,92,none,none,60,0,94,on time,private,72,1
P5428,Male,CERTIV IT,1,2025,Labasa,410,76,none,none,77,0,75,on time,private,96,1
P5429,Male,CERTIV IT,2,2025,Labasa,410,60,none,none,63,78,75,on time,private,85,1
P5430,Male,CERTIV IT,2,2025,Labasa,410,94,none,none,77,61,94,on time,sponsored,79,1
P5431,Male,CERTIV IT,1,2025,Labasa,410,73,none,none,84,85,62,on time,sponsored,87,1
P5432,Male,CERTIV IT,2,2025,Labasa,410,43,none,none,17,40,42,late submission,private,69,0
P5433,Female,CERTIV IT,1,2025,Labasa,410,81,none,none,65,0,87,on time,sponsored,80,1
P5434,Male,CERTIV IT,1,2025,Labasa,410,68,none,none,72,63,89,on time,private,80,1
P5435,Female,CERTIV IT,2,2025,Labasa,410,48,none,none,49,0,31,late submission,sponsored,64,0
P5436,Male,CERTIV IT,2,2025,Labasa,410,2,none,none,43,45,38,late submission,sponsored,5,0
P5437,Male,CERTIV IT,2,2025,Labasa,410,12,none,none,43,54,51,late submission,sponsored,10,0
P5438,Female,CERTIV IT,2,2025,Labasa,410,95,none,none,81,95,81,on time,private,80,1
P5439,Male,CERTIV IT,2,2025,Labasa,410,67,none,none,85,0,89,on time,sponsored,91,1
P5440,Male,CERTIV IT,1,2025,Labasa,410,60,none,none,90,0,83,on time,private,77,1
P5441,Female,CERTIV IT,2,2025,Labasa,410,94,none,none,68,72,88,on time,sponsored,92,1
P5442,Male,CERTIV IT,2,2025,Labasa,410,75,none,none,77,0,84,on time,private,72,1
P5443,Female,CERTIV IT,1,2025,Labasa,410,20,none,none,44,0,0,late submission,sponsored,23,0
P5444,Female,CERTIV IT,1,2025,Labasa,410,4,none,none,47,0,1,late submission,private,17,0
P5445,Male,CERTIV IT,2,2025,Labasa,410,60,none,none,73,0,63,on time,private,87,1
P5446,Female,CERTIV IT,1,2025,Labasa,410,85,none,none,75,87,83,on time,private,71,1
P5447,Male,CERTIV IT,1,2025,Labasa,410,87,none,none,77,60,60,on time,sponsored,98,1
P5448,Male,CERTIV IT,1,2025,Labasa,410,75,none,none,61,0,68,on time,sponsored,75,1
P5449,Male,CERTIV IT,2,2025,Labasa,410,89,none,none,83,0,74,on time,sponsored,92,1
P5450,Male,CERTIV IT,1,2025,Labasa,410,39,none,none,45,0,2,late submission,sponsored,5,0
P5451,Male,CERTIV IT,2,2025,Labasa,410,78,none,none,80,0,68,on time,private,96,1
P5452,Male,CERTIV IT,2,2025,Labasa,410,78,none,none,81,74,67,on time,private,87,1
P5453,Male,CERTIV IT,1,2025,Labasa,410,82,none,none,82,93,78,on time,private,89,1
P5454,Female,CERTIV IT,2,2025,Labasa,410,70,none,none,83,69,91,on time,sponsored,82,1
P5455,Female,CERTIV IT,1,2025,Labasa,410,60,none,none,75,86,86,on time,private,83,1
P5456,Male,CERTIV IT,2,2025,Labasa,410,60,none,none,78,88,86,on time,private,70,1
P5457,Female,CERTIV IT,1,2025,Labasa,410,83,none,none,92,83,64,on time,sponsored,81,1
P5458,Female,CERTIV IT,1,2025,Labasa,410,74,none,none,65,0,66,on time,private,72,1
P5459,Female,CERTIV IT,2,2025,Labasa,410,63,none,none,83,68,76,on time,private,86,1
P5460,Female,CERTIV IT,1,2025,Labasa,410,79,none,none,88,76,84,on time,private,88,1
P5461,Female,DIT,2,2025,Labasa,411,89,none,63,80,none,89,on time,private,91,1
P5462,Male,DIT,1,2025,Labasa,411,27,none,47,19,none,54,late submission,private,67,0
P5463,Female,DIT,1,2025,Labasa,411,95,none,75,72,none,80,on time,sponsored,82,1
P5464,Female,DIT,2,2025,Labasa,411,85,none,95,60,none,83,on time,private,87,1
P5465,Female,DIT,1,2025,Labasa,411,54,none,30,51,none,46,late submission,private,31,0
P5466,Male,DIT,2,2025,Labasa,411,71,none,70,61,none,83,on time,sponsored,70,1
P5467,Female,DIT,2,2025,Labasa,411,90,none,73,68,none,73,on time,sponsored,76,1
P5468,Female,DIT,2,2025,Labasa,411,80,none,75,70,none,85,on time,sponsored,75,1
P5469,Female,DIT,2,2025,Labasa,411,76,none,70,88,none,90,on time,sponsored,88,1
P5470,Male,DIT,1,2025,Labasa,411,69,none,62,68,none,75,on time,private,87,1
P5471,Male,DIT,1,2025,Labasa,411,64,none,87,72,none,74,on time,sponsored,78,1
P5472,Male,DIT,2,2025,Labasa,411,91,none,64,93,none,69,on time,private,76,1
P5473,Male,DIT,2,2025,Labasa,411,81,none,77,81,none,68,on time,sponsored,80,1
P5474,Female,DIT,1,2025,Labasa,411,27,none,36,44,none,38,late submission,private,56,0
P5475,Male,DIT,1,2025,Labasa,411,61,none,60,85,none,78,on time,sponsored,77,1
P5476,Male,DIT,1,2025,Labasa,411,69,none,68,91,none,88,on time,private,75,1
P5477,Female,DIT,2,2025,Labasa,411,86,none,92,62,none,85,on time,sponsored,100,1
P5478,Female,DIT,2,2025,Labasa,411,60,none,73,95,none,83,on time,private,70,1
P5479,Male,DIT,1,2025,Labasa,411,80,none,70,92,none,79,on time,private,71,1
P5480,Male,DIT,2,2025,Labasa,411,90,none,79,63,none,68,on time,sponsored,96,1
P5481,Female,DIT,2,2025,Labasa,411,90,none,83,92,none,70,on time,private,90,1
P5482,Female,DIT,2,2025,Labasa,411,87,none,70,60,none,62,on time,sponsored,81,1
P5483,Male,DIT,2,2025,Labasa,411,85,none,76,86,none,64,on time,private,86,1
P5484,Female,DIT,2,2025,Labasa,411,73,none,66,93,none,73,on time,private,89,1
P5485,Female,DIT,2,2025,Labasa,411,38,none,45,32,none,27,late submission,private,9,0
P5486,Male,DIT,2,2025,Labasa,411,38,none,44,51,none,42,late submission,private,1,0
P5487,Male,DIT,1,2025,Labasa,411,13,none,8,8,none,47,late submission,private,55,0
P5488,Male,DIT,2,2025,Labasa,411,6,none,10,45,none,35,late submission,sponsored,12,0
P5489,Male,DIT,1,2025,Labasa,411,74,none,76,61,none,60,on time,private,79,1
P5490,Male,DIT,1,2025,Labasa,411,68,none,72,93,none,79,on time,sponsored,83,1
P5491,Female,DIT,2,2025,Labasa,411,81,none,85,89,none,92,on time,sponsored,98,1
P5492,Female,DIT,1,2025,Labasa,411,8,none,13,28,none,33,late submission,sponsored,64,0
P5493,Female,DIT,1,2025,Labasa,411,64,none,84,93,none,63,on time,private,87,1
P5494,Female,DIT,1,2025,Labasa,411,36,none,41,23,none,25,late submission,private,25,0
P5495,Female,DIT,2,2025,Labasa,411,85,none,61,80,none,92,on time,private,88,1
P5496,Female,DIT,2,2025,Labasa,411,72,none,94,75,none,60,on time,private,88,1
P5497,Female,DIT,1,2025,Labasa,411,63,none,94,63,none,69,on time,sponsored,95,1
P5498,Female,DIT,1,2025,Labasa,411,66,none,86,80,none,82,on time,sponsored,74,1
P5499,Female,DIT,2,2025,Labasa,411,81,none,91,93,none,85,on time,private,83,1
P5500,Female,DIT,2,2025,Labasa,411,22,none,6,11,none,16,late submission,private,45,0
P5501,Female,DIT,2,2025,Labasa,411,84,none,93,88,none,81,on time,sponsored,70,1
P5502,Female,DIT,1,2025,Labasa,411,64,none,86,84,none,82,on time,private,71,1
P5503,Female,DIT,2,2025,Labasa,411,79,none,76,64,none,92,on time,private,75,1
P5504,Female,DIT,2,2025,Labasa,411,72,none,93,86,none,94,on time,sponsored,95,1
P5505,Female,DIT,1,2025,Labasa,411,90,none,62,64,none,88,on time,private,77,1
P5506,Male,DIT,1,2025,Labasa,411,77,none,69,73,none,92,on time,private,71,1
P5507,Female,DIT,1,2025,Labasa,411,63,none,94,94,none,74,on time,private,95,1
P5508,Male,DIT,2,2025,Labasa,411,60,none,87,64,none,90,on time,private,76,1
P5509,Female,DIT,2,2025,Labasa,411,69,none,95,77,none,67,on time,private,78,1
P5510,Male,DIT,2,2025,Labasa,411,79,none,80,62,none,89,on time,sponsored,78,1
P5511,Male,DIT,2,2025,Labasa,411,19,none,32,0,none,36,late submission,private,48,0
P5512,Female,DIT,2,2025,Labasa,411,76,none,61,81,none,95,on time,sponsored,100,1
P5513,Male,DIT,1,2025,Labasa,411,70,none,76,77,none,69,on time,sponsored,83,1
P5514,Male,DIT,1,2025,Labasa,411,21,none,33,17,none,39,late submission,sponsored,45,0
P5515,Male,DIT,2,2025,Labasa,411,62,none,74,66,none,88,on time,sponsored,79,1
P5516,Female,DIT,2,2025,Labasa,411,83,none,83,67,none,79,on time,private,83,1
P5517,Male,DIT,2,2025,Labasa,411,72,none,60,92,none,93,on time,sponsored,99,1
P5518,Male,DIT,2,2025,Labasa,411,44,none,32,51,none,17,late submission,private,66,0
P5519,Male,DIT,2,2025,Labasa,411,70,none,87,61,none,83,on time,sponsored,90,1
P5520,Female,DIT,2,2025,Labasa,411,78,none,93,73,none,66,on time,private,83,1
P5521,Female,DIT,1,2025,Labasa,413,71,73,65,83,none,none,on time,private,82,1
P5522,Male,DIT,1,2025,Labasa,413,78,69,84,83,none,none,on time,sponsored,86,1
P5523,Female,DIT,2,2025,Labasa,413,86,69,75,68,none,none,on time,sponsored,87,1
P5524,Female,DIT,1,2025,Labasa,413,88,92,61,69,none,none,on time,sponsored,85,1
P5525,Male,DIT,1,2025,Labasa,413,62,87,80,77,none,none,on time,sponsored,96,1
P5526,Female,DIT,1,2025,Labasa,413,89,88,80,76,none,none,on time,private,87,1
P5527,Male,DIT,2,2025,Labasa,413,72,93,64,94,none,none,on time,private,80,1
P5528,Male,DIT,2,2025,Labasa,413,82,64,80,91,none,none,on time,sponsored,84,1
P5529,Male,DIT,2,2025,Labasa,413,70,85,95,73,none,none,on time,private,89,1
P5530,Female,DIT,2,2025,Labasa,413,69,61,90,85,none,none,on time,sponsored,86,1
P5531,Male,DIT,1,2025,Labasa,413,71,67,61,81,none,none,on time,sponsored,82,1
P5532,Male,DIT,1,2025,Labasa,413,66,92,68,61,none,none,on time,private,88,1
P5533,Female,DIT,1,2025,Labasa,413,55,7,3,29,none,none,late submission,sponsored,49,0
P5534,Male,DIT,1,2025,Labasa,413,84,95,74,74,none,none,on time,sponsored,74,1
P5535,Female,DIT,2,2025,Labasa,413,62,75,80,62,none,none,on time,private,89,1
P5536,Female,DIT,2,2025,Labasa,413,93,74,72,81,none,none,on time,private,86,1
P5537,Female,DIT,2,2025,Labasa,413,75,66,70,73,none,none,on time,private,85,1
P5538,Male,DIT,2,2025,Labasa,413,80,88,62,82,none,none,on time,sponsored,90,1
P5539,Male,DIT,1,2025,Labasa,413,93,77,77,76,none,none,on time,sponsored,89,1
P5540,Male,DIT,2,2025,Labasa,413,66,64,79,64,none,none,on time,sponsored,86,1
P5541,Female,DIT,2,2025,Labasa,413,14,41,50,20,none,none,late submission,sponsored,13,0
P5542,Male,DIT,1,2025,Labasa,413,80,85,94,64,none,none,on time,sponsored,84,1
P5543,Male,DIT,2,2025,Labasa,413,34,3,55,9,none,none,late submission,private,57,0
P5544,Male,DIT,2,2025,Labasa,413,27,32,18,16,none,none,late submission,private,34,0
P5545,Female,DIT,2,2025,Labasa,413,74,87,87,79,none,none,on time,sponsored,79,1
P5546,Male,DIT,1,2025,Labasa,413,80,90,73,91,none,none,on time,sponsored,100,1
P5547,Male,DIT,1,2025,Labasa,413,83,88,70,69,none,none,on time,private,100,1
P5548,Female,DIT,1,2025,Labasa,413,62,68,65,81,none,none,on time,sponsored,82,1
P5549,Female,DIT,2,2025,Labasa,413,74,71,79,65,none,none,on time,sponsored,96,1
P5550,Female,DIT,2,2025,Labasa,413,94,75,87,84,none,none,on time,private,81,1
P5551,Male,DIT,2,2025,Labasa,413,50,24,54,30,none,none,late submission,private,38,0
P5552,Female,DIT,2,2025,Labasa,413,82,94,78,65,none,none,on time,private,73,1
P5553,Female,DIT,2,2025,Labasa,413,87,64,88,60,none,none,on time,sponsored,99,1
P5554,Female,DIT,1,2025,Labasa,413,32,42,6,25,none,none,late submission,sponsored,21,0
P5555,Male,DIT,2,2025,Labasa,413,50,48,19,53,none,none,late submission,sponsored,12,0
P5556,Female,DIT,2,2025,Labasa,413,76,95,73,91,none,none,on time,sponsored,98,1
P5557,Female,DIT,2,2025,Labasa,413,94,85,78,75,none,none,on time,sponsored,74,1
P5558,Male,DIT,1,2025,Labasa,413,47,1,36,46,none,none,late submission,private,54,0
P5559,Female,DIT,1,2025,Labasa,413,86,84,88,89,none,none,on time,sponsored,98,1
P5560,Male,DIT,2,2025,Labasa,413,4,0,8,20,none,none,late submission,private,52,0
P5561,Female,DIT,1,2025,Labasa,413,68,68,68,74,none,none,on time,sponsored,95,1
P5562,Female,DIT,1,2025,Labasa,413,87,95,74,86,none,none,on time,private,76,1
P5563,Female,DIT,2,2025,Labasa,413,90,88,64,80,none,none,on time,sponsored,70,1
P5564,Male,DIT,2,2025,Labasa,413,77,78,61,70,none,none,on time,sponsored,82,1
P5565,Male,DIT,1,2025,Labasa,413,29,19,54,25,none,none,late submission,sponsored,44,0
P5566,Female,DIT,2,2025,Labasa,413,52,3,7,35,none,none,late submission,private,17,0
P5567,Female,DIT,1,2025,Labasa,413,73,64,82,84,none,none,on time,private,74,1
P5568,Female,DIT,2,2025,Labasa,413,91,88,84,76,none,none,on time,sponsored,75,1
P5569,Male,DIT,2,2025,Labasa,413,95,80,60,71,none,none,on time,sponsored,70,1
P5570,Female,DIT,2,2025,Labasa,413,77,78,76,95,none,none,on time,sponsored,93,1
P5571,Female,DIT,2,2025,Labasa,413,60,79,90,75,none,none,on time,sponsored,87,1
P5572,Male,DIT,1,2025,Labasa,413,84,65,83,90,none,none,on time,private,81,1
P5573,Female,DIT,1,2025,Labasa,413,76,89,93,93,none,none,on time,sponsored,72,1
P5574,Female,DIT,2,2025,Labasa,413,78,60,80,78,none,none,on time,sponsored,74,1
P5575,Male,DIT,2,2025,Labasa,413,66,92,72,63,none,none,on time,private,83,1
P5576,Female,DIT,1,2025,Labasa,413,75,65,79,73,none,none,on time,private,93,1
P5577,Male,DIT,2,2025,Labasa,413,74,87,90,94,none,none,on time,private,72,1
P5578,Female,DIT,1,2025,Labasa,413,91,95,64,95,none,none,on time,sponsored,100,1
P5579,Female,DIT,1,2025,Labasa,413,93,80,87,79,none,none,on time,private,91,1
P5580,Male,DIT,2,2025,Labasa,413,41,35,41,53,none,none,late submission,private,6,0
P5581,Male,BIS,1,2025,Labasa,501,none,23,none,11,45,0,late submission,sponsored,74,0
P5582,Male,BIS,1,2025,Labasa,501,92,81,none,61,80,0,on time,sponsored,71,1
P5583,Male,BIS,1,2025,Labasa,501,85,none,none,66,80,0,on time,sponsored,74,1
P5584,Male,BIS,1,2025,Labasa,501,none,none,none,68,68,77,on time,private,97,1
P5585,Male,BIS,2,2025,Labasa,501,none,63,none,84,68,66,on time,sponsored,88,1
P5586,Male,BIS,1,2025,Labasa,501,none,none,none,12,14,23,late submission,private,32,0
P5587,Female,BIS,1,2025,Labasa,501,46,21,none,43,0,8,late submission,sponsored,20,0
P5588,Female,BIS,1,2025,Labasa,501,88,none,none,76,0,87,on time,private,79,1
P5589,Female,BIS,1,2025,Labasa,501,75,89,none,75,0,0,on time,private,93,1
P5590,Male,BIS,2,2025,Labasa,501,none,84,none,83,81,0,on time,sponsored,94,1
P5591,Female,BIS,1,2025,Labasa,501,86,none,none,77,0,74,on time,sponsored,77,1
P5592,Female,BIS,2,2025,Labasa,501,77,87,none,74,81,0,on time,private,98,1
P5593,Male,BIS,2,2025,Labasa,501,72,none,none,79,0,90,on time,private,74,1
P5594,Male,BIS,2,2025,Labasa,501,none,20,none,13,0,0,late submission,sponsored,53,0
P5595,Female,BIS,1,2025,Labasa,501,66,none,none,78,90,94,on time,private,70,1
P5596,Female,BIS,1,2025,Labasa,501,66,none,none,89,65,75,on time,sponsored,77,1
P5597,Female,BIS,1,2025,Labasa,501,none,none,none,77,0,90,on time,sponsored,82,1
P5598,Male,BIS,2,2025,Labasa,501,none,67,none,85,0,0,on time,sponsored,88,1
P5599,Male,BIS,2,2025,Labasa,501,70,78,none,85,73,0,on time,sponsored,96,1
P5600,Male,BIS,2,2025,Labasa,501,none,none,none,86,0,89,on time,private,82,1
P5601,Female,BIS,2,2025,Labasa,501,none,13,none,14,38,2,late submission,private,3,0
P5602,Female,BIS,1,2025,Labasa,501,67,75,none,62,65,74,on time,sponsored,95,1
P5603,Female,BIS,2,2025,Labasa,501,none,none,none,78,0,65,on time,private,99,1
P5604,Male,BIS,2,2025,Labasa,501,64,none,none,66,85,78,on time,sponsored,76,1
P5605,Male,BIS,1,2025,Labasa,501,9,54,none,7,25,47,late submission,sponsored,20,0
P5606,Male,BIS,1,2025,Labasa,501,76,79,none,69,63,80,on time,sponsored,73,1
P5607,Male,BIS,2,2025,Labasa,501,none,73,none,63,0,90,on time,sponsored,85,1
P5608,Male,BIS,2,2025,Labasa,501,66,none,none,79,89,70,on time,sponsored,98,1
P5609,Female,BIS,1,2025,Labasa,501,79,68,none,64,0,0,on time,private,96,1
P5610,Female,BIS,2,2025,Labasa,501,none,none,none,62,0,0,on time,sponsored,83,1
P5611,Male,BIS,2,2025,Labasa,501,67,none,none,64,75,81,on time,sponsored,90,1
P5612,Female,BIS,1,2025,Labasa,501,71,64,none,95,0,81,on time,private,91,1
P5613,Female,BIS,1,2025,Labasa,501,none,8,none,18,31,0,late submission,private,63,0
P5614,Female,BIS,2,2025,Labasa,501,none,none,none,83,0,0,on time,private,89,1
P5615,Female,BIS,2,2025,Labasa,501,none,none,none,89,0,85,on time,private,81,1
P5616,Female,BIS,2,2025,Labasa,501,60,none,none,65,0,67,on time,private,78,1
P5617,Male,BIS,2,2025,Labasa,501,71,62,none,66,60,0,on time,private,100,1
P5618,Male,BIS,2,2025,Labasa,501,none,0,none,26,10,32,late submission,private,12,0
P5619,Male,BIS,2,2025,Labasa,501,none,none,none,11,11,18,late submission,sponsored,20,0
P5620,Female,BIS,2,2025,Labasa,501,82,none,none,77,65,0,on time,sponsored,74,1
P5621,Female,BIS,1,2025,Labasa,501,none,none,none,80,0,88,on time,sponsored,98,1
P5622,Male,BIS,1,2025,Labasa,501,none,40,none,31,35,0,late submission,private,0,0
P5623,Male,BIS,1,2025,Labasa,501,none,none,none,78,81,79,on time,sponsored,87,1
P5624,Female,BIS,1,2025,Labasa,501,41,18,none,35,0,18,late submission,sponsored,65,0
P5625,Male,BIS,1,2025,Labasa,501,61,74,none,91,95,0,on time,sponsored,86,1
P5626,Male,BIS,1,2025,Labasa,501,none,none,none,80,0,0,on time,private,96,1
P5627,Female,BIS,2,2025,Labasa,501,none,86,none,63,0,0,on time,private,70,1
P5628,Male,BIS,2,2025,Labasa,501,81,none,none,74,0,0,on time,private,71,1
P5629,Male,BIS,1,2025,Labasa,501,none,74,none,95,0,95,on time,private,74,1
P5630,Male,BIS,2,2025,Labasa,501,72,none,none,85,0,0,on time,private,70,1
P5631,Female,BIS,1,2025,Labasa,501,94,none,none,69,76,0,on time,sponsored,98,1
P5632,Male,BIS,1,2025,Labasa,501,none,81,none,75,85,0,on time,sponsored,84,1
P5633,Female,BIS,2,2025,Labasa,501,none,91,none,60,0,0,on time,sponsored,100,1
P5634,Female,BIS,1,2025,Labasa,501,none,81,none,82,71,0,on time,sponsored,94,1
P5635,Male,BIS,2,2025,Labasa,501,68,none,none,65,88,0,on time,sponsored,78,1
P5636,Female,BIS,1,2025,Labasa,501,61,65,none,89,94,0,on time,sponsored,96,1
P5637,Male,BIS,1,2025,Labasa,501,none,none,none,8,0,48,late submission,sponsored,48,0
P5638,Male,BIS,1,2025,Labasa,501,none,19,none,0,11,0,late submission,sponsored,75,0
P5639,Male,BIS,1,2025,Labasa,501,73,74,none,91,65,60,on time,sponsored,77,1
P5640,Male,BIS,1,2025,Labasa,501,none,none,none,71,0,0,on time,private,90,1
P5641,Male,BIS,2,2025,Labasa,603,60,none,46.81,none,none,none,on time,private,89,1
P5642,Male,BIS,1,2025,Labasa,603,73,none,29.1,none,none,none,on time,private,95,1
P5643,Male,BIS,1,2025,Labasa,603,50,none,18.71,none,none,none,late submission,private,59,0
P5644,Male,BIS,2,2025,Labasa,603,78,none,50.14,none,none,none,on time,private,79,1
P5645,Female,BIS,1,2025,Labasa,603,48,none,12.35,none,none,none,late submission,private,15,0
P5646,Male,BIS,1,2025,Labasa,603,86,none,46.34,none,none,none,on time,private,85,1
P5647,Female,BIS,1,2025,Labasa,603,86,none,27.01,none,none,none,on time,private,91,1
P5648,Male,BIS,1,2025,Labasa,603,90,none,41.42,none,none,none,on time,private,96,1
P5649,Female,BIS,1,2025,Labasa,603,8,none,8.61,none,none,none,late submission,sponsored,7,0
P5650,Male,BIS,2,2025,Labasa,603,61,none,36.59,none,none,none,on time,private,87,1
P5651,Female,BIS,2,2025,Labasa,603,69,none,30.95,none,none,none,on time,sponsored,77,1
P5652,Female,BIS,1,2025,Labasa,603,64,none,51.07,none,none,none,on time,sponsored,88,1
P5653,Female,BIS,2,2025,Labasa,603,74,none,52.35,none,none,none,on time,private,81,1
P5654,Male,BIS,1,2025,Labasa,603,72,none,25.65,none,none,none,on time,private,74,1
P5655,Male,BIS,1,2025,Labasa,603,94,none,41.94,none,none,none,on time,sponsored,80,1
P5656,Male,BIS,1,2025,Labasa,603,69,none,32.79,none,none,none,on time,sponsored,72,1
P5657,Female,BIS,2,2025,Labasa,603,90,none,47.65,none,none,none,on time,sponsored,76,1
P5658,Female,BIS,1,2025,Labasa,603,91,none,37.38,none,none,none,on time,sponsored,87,1
P5659,Male,BIS,2,2025,Labasa,603,2,none,3.3,none,none,none,late submission,sponsored,67,0
P5660,Female,BIS,1,2025,Labasa,603,44,none,14.98,none,none,none,late submission,sponsored,45,0
P5661,Female,BIS,1,2025,Labasa,603,83,none,26.91,none,none,none,on time,sponsored,97,1
P5662,Male,BIS,2,2025,Labasa,603,82,none,31.62,none,none,none,on time,private,78,1
P5663,Male,BIS,2,2025,Labasa,603,20,none,32.56,none,none,none,late submission,private,46,0
P5664,Female,BIS,2,2025,Labasa,603,32,none,10.27,none,none,none,late submission,private,33,0
P5665,Female,BIS,1,2025,Labasa,603,83,none,49.91,none,none,none,on time,private,96,1
P5666,Male,BIS,2,2025,Labasa,603,60,none,53.76,none,none,none,on time,private,74,1
P5667,Male,BIS,2,2025,Labasa,603,67,none,29.29,none,none,none,on time,private,87,1
P5668,Male,BIS,2,2025,Labasa,603,45,none,17.23,none,none,none,late submission,private,57,0
P5669,Male,BIS,2,2025,Labasa,603,73,none,32.72,none,none,none,on time,private,89,1
P5670,Female,BIS,1,2025,Labasa,603,79,none,38.11,none,none,none,on time,sponsored,88,1
P5671,Female,BIS,1,2025,Labasa,603,78,none,51.79,none,none,none,on time,sponsored,95,1
P5672,Female,BIS,1,2025,Labasa,603,89,none,50.74,none,none,none,on time,private,81,1
P5673,Male,BIS,2,2025,Labasa,603,63,none,38.77,none,none,none,on time,private,86,1
P5674,Male,BIS,1,2025,Labasa,603,65,none,33.78,none,none,none,on time,sponsored,86,1
P5675,Male,BIS,1,2025,Labasa,603,63,none,52.79,none,none,none,on time,sponsored,90,1
P5676,Female,BIS,2,2025,Labasa,603,91,none,37.01,none,none,none,on time,private,99,1
P5677,Female,BIS,1,2025,Labasa,603,68,none,50.46,none,none,none,on time,sponsored,83,1
P5678,Female,BIS,1,2025,Labasa,603,69,none,25.81,none,none,none,on time,sponsored,72,1
P5679,Male,BIS,2,2025,Labasa,603,84,none,49.51,none,none,none,on time,sponsored,78,1
P5680,Male,BIS,1,2025,Labasa,603,54,none,15.8,none,none,none,late submission,private,27,0
P5681,Female,BIS,1,2025,Labasa,603,44,none,18.91,none,none,none,late submission,sponsored,65,0
P5682,Female,BIS,2,2025,Labasa,603,73,none,36.44,none,none,none,on time,sponsored,90,1
P5683,Female,BIS,2,2025,Labasa,603,68,none,25.72,none,none,none,on time,private,79,1
P5684,Female,BIS,2,2025,Labasa,603,67,none,51.01,none,none,none,on time,sponsored,92,1
P5685,Male,BIS,2,2025,Labasa,603,73,none,36.23,none,none,none,on time,sponsored,94,1
P5686,Male,BIS,1,2025,Labasa,603,85,none,28.29,none,none,none,on time,private,80,1
P5687,Female,BIS,1,2025,Labasa,603,93,none,47.01,none,none,none,on time,sponsored,71,1
P5688,Male,BIS,2,2025,Labasa,603,78,none,26.84,none,none,none,on time,sponsored,72,1
P5689,Male,BIS,1,2025,Labasa,603,64,none,45.61,none,none,none,on time,private,82,1
P5690,Female,BIS,1,2025,Labasa,603,77,none,40.45,none,none,none,on time,sponsored,90,1
P5691,Male,BIS,2,2025,Labasa,603,92,none,26.5,none,none,none,on time,private,80,1
P5692,Male,BIS,1,2025,Labasa,603,84,none,33.45,none,none,none,on time,private,82,1
P5693,Male,BIS,2,2025,Labasa,603,2,none,3.19,none,none,none,late submission,private,57,0
P5694,Male,BIS,1,2025,Labasa,603,38,none,18.45,none,none,none,late submission,private,13,0
P5695,Male,BIS,2,2025,Labasa,603,66,none,35.97,none,none,none,on time,sponsored,83,1
P5696,Female,BIS,2,2025,Labasa,603,7,none,2.98,none,none,none,late submission,private,66,0
P5697,Female,BIS,2,2025,Labasa,603,72,none,29.79,none,none,none,on time,sponsored,88,1
P5698,Male,BIS,2,2025,Labasa,603,21,none,33.94,none,none,none,late submission,sponsored,41,0
P5699,Male,BIS,2,2025,Labasa,603,82,none,37.66,none,none,none,on time,sponsored,81,1
P5700,Female,BIS,1,2025,Labasa,603,75,none,54.62,none,none,none,on time,private,77,1
P5701,Male,CERTIV IT,2,2025,Nasinu,410,66,none,none,89,0,95,on time,sponsored,82,1
P5702,Male,CERTIV IT,1,2025,Nasinu,410,87,none,none,87,0,73,on time,private,87,1
P5703,Male,CERTIV IT,1,2025,Nasinu,410,73,none,none,70,89,90,on time,private,95,1
P5704,Female,CERTIV IT,2,2025,Nasinu,410,76,none,none,80,0,63,on time,sponsored,95,1
P5705,Male,CERTIV IT,2,2025,Nasinu,410,79,none,none,87,66,60,on time,private,86,1
P5706,Female,CERTIV IT,1,2025,Nasinu,410,8,none,none,46,53,40,late submission,private,0,0
P5707,Female,CERTIV IT,1,2025,Nasinu,410,90,none,none,90,0,67,on time,sponsored,92,1
P5708,Male,CERTIV IT,2,2025,Nasinu,410,92,none,none,84,72,63,on time,private,74,1
P5709,Male,CERTIV IT,2,2025,Nasinu,410,3,none,none,52,0,9,late submission,sponsored,18,0
P5710,Male,CERTIV IT,2,2025,Nasinu,410,63,none,none,82,0,90,on time,sponsored,85,1
P5711,Male,CERTIV IT,2,2025,Nasinu,410,6,none,none,24,0,22,late submission,private,74,0
P5712,Female,CERTIV IT,2,2025,Nasinu,410,2,none,none,38,0,33,late submission,private,52,0
P5713,Male,CERTIV IT,1,2025,Nasinu,410,61,none,none,83,69,78,on time,sponsored,78,1
P5714,Male,CERTIV IT,2,2025,Nasinu,410,89,none,none,72,71,65,on time,sponsored,81,1
P5715,Male,CERTIV IT,2,2025,Nasinu,410,89,none,none,61,0,90,on time,sponsored,89,1
P5716,Male,CERTIV IT,2,2025,Nasinu,410,91,none,none,67,0,62,on time,private,73,1
P5717,Male,CERTIV IT,1,2025,Nasinu,410,86,none,none,60,61,68,on time,sponsored,92,1
P5718,Female,CERTIV IT,2,2025,Nasinu,410,76,none,none,89,0,95,on time,sponsored,92,1
P5719,Male,CERTIV IT,1,2025,Nasinu,410,82,none,none,91,65,66,on time,sponsored,86,1
P5720,Female,CERTIV IT,2,2025,Nasinu,410,84,none,none,75,0,84,on time,private,72,1
P5721,Female,CERTIV IT,1,2025,Nasinu,410,5,none,none,31,44,52,late submission,sponsored,2,0
P5722,Female,CERTIV IT,2,2025,Nasinu,410,79,none,none,85,0,76,on time,sponsored,94,1
P5723,Male,CERTIV IT,2,2025,Nasinu,410,62,none,none,62,69,94,on time,sponsored,79,1
P5724,Female,CERTIV IT,1,2025,Nasinu,410,61,none,none,80,65,95,on time,private,91,1
P5725,Female,CERTIV IT,2,2025,Nasinu,410,67,none,none,85,72,72,on time,private,74,1
P5726,Male,CERTIV IT,2,2025,Nasinu,410,38,none,none,45,48,51,late submission,private,27,0
P5727,Male,CERTIV IT,1,2025,Nasinu,410,37,none,none,3,33,4,late submission,sponsored,7,0
P5728,Female,CERTIV IT,1,2025,Nasinu,410,94,none,none,62,71,81,on time,private,95,1
P5729,Female,CERTIV IT,1,2025,Nasinu,410,63,none,none,74,0,74,on time,sponsored,98,1
P5730,Female,CERTIV IT,2,2025,Nasinu,410,85,none,none,70,94,92,on time,private,77,1
P5731,Male,CERTIV IT,1,2025,Nasinu,410,22,none,none,54,0,49,late submission,sponsored,54,0
P5732,Female,CERTIV IT,2,2025,Nasinu,410,45,none,none,14,4,2,late submission,private,0,0
P5733,Female,CERTIV IT,1,2025,Nasinu,410,60,none,none,87,91,88,on time,sponsored,93,1
P5734,Female,CERTIV IT,1,2025,Nasinu,410,79,none,none,68,87,90,on time,sponsored,88,1
P5735,Female,CERTIV IT,2,2025,Nasinu,410,85,none,none,91,0,66,on time,sponsored,94,1
P5736,Female,CERTIV IT,2,2025,Nasinu,410,93,none,none,94,0,75,on time,sponsored,98,1
P5737,Female,CERTIV IT,2,2025,Nasinu,410,70,none,none,89,85,70,on time,private,93,1
P5738,Male,CERTIV IT,2,2025,Nasinu,410,72,none,none,88,85,85,on time,sponsored,84,1
P5739,Female,CERTIV IT,1,2025,Nasinu,410,89,none,none,78,0,94,on time,sponsored,99,1
P5740,Male,CERTIV IT,1,2025,Nasinu,410,90,none,none,89,0,80,on time,private,89,1
P5741,Female,CERTIV IT,2,2025,Nasinu,410,95,none,none,83,94,80,on time,sponsored,87,1
P5742,Male,CERTIV IT,1,2025,Nasinu,410,49,none,none,28,0,21,late submission,sponsored,37,0
P5743,Female,CERTIV IT,1,2025,Nasinu,410,82,none,none,85,82,94,on time,sponsored,100,1
P5744,Female,CERTIV IT,1,2025,Nasinu,410,93,none,none,87,62,83,on time,private,96,1
P5745,Male,CERTIV IT,1,2025,Nasinu,410,77,none,none,71,0,95,on time,private,75,1
P5746,Female,CERTIV IT,2,2025,Nasinu,410,61,none,none,69,72,67,on time,sponsored,71,1
P5747,Male,CERTIV IT,1,2025,Nasinu,410,92,none,none,85,0,77,on time,sponsored,70,1
P5748,Male,CERTIV IT,1,2025,Nasinu,410,69,none,none,71,70,72,on time,private,90,1
P5749,Female,CERTIV IT,1,2025,Nasinu,410,24,none,none,10,2,50,late submission,sponsored,71,0
P5750,Female,CERTIV IT,1,2025,Nasinu,410,71,none,none,84,87,76,on time,private,74,1
P5751,Female,CERTIV IT,2,2025,Nasinu,410,61,none,none,80,91,77,on time,private,100,1
P5752,Female,CERTIV IT,2,2025,Nasinu,410,43,none,none,49,0,3,late submission,private,47,0
P5753,Female,CERTIV IT,2,2025,Nasinu,410,16,none,none,23,0,21,late submission,private,46,0
P5754,Male,CERTIV IT,2,2025,Nasinu,410,82,none,none,92,0,92,on time,private,83,1
P5755,Male,CERTIV IT,2,2025,Nasinu,410,82,none,none,95,87,86,on time,sponsored,97,1
P5756,Female,CERTIV IT,1,2025,Nasinu,410,93,none,none,80,75,61,on time,private,82,1
P5757,Female,CERTIV IT,2,2025,Nasinu,410,92,none,none,78,75,86,on time,sponsored,85,1
P5758,Male,CERTIV IT,2,2025,Nasinu,410,81,none,none,94,0,61,on time,private,97,1
P5759,Female,CERTIV IT,2,2025,Nasinu,410,38,none,none,11,0,25,late submission,sponsored,46,0
P5760,Female,CERTIV IT,1,2025,Nasinu,410,89,none,none,72,77,72,on time,sponsored,70,1
P5761,Male,DIT,2,2025,Nasinu,411,69,none,80,77,none,82,on time,private,99,1
P5762,Male,DIT,1,2025,Nasinu,411,86,none,68,81,none,95,on time,sponsored,70,1
P5763,Female,DIT,1,2025,Nasinu,411,60,none,79,81,none,61,on time,sponsored,91,1
P5764,Male,DIT,1,2025,Nasinu,411,64,none,68,89,none,76,on time,sponsored,80,1
P5765,Male,DIT,1,2025,Nasinu,411,5,none,51,46,none,46,late submission,sponsored,42,0
P5766,Male,DIT,1,2025,Nasinu,411,61,none,77,70,none,85,on time,private,91,1
P5767,Female,DIT,1,2025,Nasinu,411,35,none,27,53,none,43,late submission,sponsored,33,0
P5768,Female,DIT,1,2025,Nasinu,411,44,none,3,33,none,23,late submission,sponsored,44,0
P5769,Female,DIT,1,2025,Nasinu,411,82,none,78,81,none,65,on time,private,87,1
P5770,Female,DIT,2,2025,Nasinu,411,20,none,6,5,none,30,late submission,sponsored,10,0
P5771,Female,DIT,2,2025,Nasinu,411,44,none,29,44,none,2,late submission,sponsored,40,0
P5772,Female,DIT,1,2025,Nasinu,411,86,none,89,72,none,75,on time,sponsored,87,1
P5773,Female,DIT,2,2025,Nasinu,411,65,none,80,90,none,83,on time,sponsored,96,1
P5774,Female,DIT,1,2025,Nasinu,411,11,none,48,27,none,1,late submission,sponsored,32,0
P5775,Female,DIT,1,2025,Nasinu,411,85,none,70,60,none,63,on time,private,95,1
P5776,Female,DIT,1,2025,Nasinu,411,75,none,61,75,none,81,on time,private,96,1
P5777,Male,DIT,2,2025,Nasinu,411,79,none,81,62,none,81,on time,sponsored,100,1
P5778,Male,DIT,1,2025,Nasinu,411,14,none,43,51,none,6,late submission,private,53,0
P5779,Male,DIT,1,2025,Nasinu,411,79,none,92,82,none,65,on time,sponsored,77,1
P5780,Female,DIT,1,2025,Nasinu,411,85,none,79,83,none,62,on time,sponsored,81,1
P5781,Male,DIT,1,2025,Nasinu,411,15,none,16,8,none,30,late submission,sponsored,30,0
P5782,Female,DIT,2,2025,Nasinu,411,64,none,67,81,none,78,on time,sponsored,84,1
P5783,Male,DIT,2,2025,Nasinu,411,93,none,72,79,none,75,on time,sponsored,76,1
P5784,Female,DIT,2,2025,Nasinu,411,62,none,70,90,none,90,on time,sponsored,95,1
P5785,Male,DIT,1,2025,Nasinu,411,67,none,89,68,none,84,on time,sponsored,83,1
P5786,Female,DIT,1,2025,Nasinu,411,32,none,7,53,none,27,late submission,sponsored,27,0
P5787,Male,DIT,1,2025,Nasinu,411,74,none,69,70,none,66,on time,private,93,1
P5788,Male,DIT,2,2025,Nasinu,411,88,none,73,89,none,87,on time,private,72,1
P5789,Female,DIT,1,2025,Nasinu,411,36,none,32,43,none,28,late submission,sponsored,45,0
P5790,Female,DIT,1,2025,Nasinu,411,65,none,83,72,none,63,on time,private,79,1
P5791,Female,DIT,2,2025,Nasinu,411,60,none,68,84,none,93,on time,sponsored,70,1
P5792,Male,DIT,2,2025,Nasinu,411,79,none,82,63,none,70,on time,sponsored,71,1
P5793,Female,DIT,2,2025,Nasinu,411,75,none,63,77,none,60,on time,sponsored,82,1
P5794,Male,DIT,2,2025,Nasinu,411,82,none,79,64,none,94,on time,private,92,1
P5795,Male,DIT,1,2025,Nasinu,411,2,none,4,15,none,53,late submission,sponsored,69,0
P5796,Male,DIT,2,2025,Nasinu,411,66,none,75,75,none,77,on time,private,71,1
P5797,Female,DIT,1,2025,Nasinu,411,69,none,60,66,none,75,on time,sponsored,79,1
P5798,Male,DIT,2,2025,Nasinu,411,49,none,35,47,none,12,late submission,sponsored,22,0
P5799,Male,DIT,2,2025,Nasinu,411,74,none,86,60,none,75,on time,private,93,1
P5800,Male,DIT,2,2025,Nasinu,411,29,none,47,32,none,37,late submission,sponsored,48,0
P5801,Female,DIT,2,2025,Nasinu,411,62,none,61,82,none,68,on time,sponsored,75,1
P5802,Male,DIT,2,2025,Nasinu,411,90,none,60,89,none,67,on time,sponsored,73,1
P5803,Female,DIT,1,2025,Nasinu,411,94,none,80,66,none,71,on time,sponsored,81,1
P5804,Male,DIT,2,2025,Nasinu,411,67,none,65,76,none,79,on time,sponsored,81,1
P5805,Female,DIT,2,2025,Nasinu,411,9,none,39,25,none,22,late submission,private,53,0
P5806,Female,DIT,2,2025,Nasinu,411,27,none,31,5,none,15,late submission,private,23,0
P5807,Female,DIT,2,2025,Nasinu,411,92,none,92,86,none,69,on time,sponsored,95,1
P5808,Female,DIT,1,2025,Nasinu,411,68,none,85,84,none,88,on time,sponsored,82,1
P5809,Male,DIT,1,2025,Nasinu,411,89,none,66,72,none,94,on time,sponsored,85,1
P5810,Female,DIT,2,2025,Nasinu,411,46,none,8,13,none,43,late submission,sponsored,5,0
P5811,Female,DIT,2,2025,Nasinu,411,50,none,25,24,none,11,late submission,private,38,0
P5812,Female,DIT,2,2025,Nasinu,411,78,none,67,64,none,89,on time,sponsored,76,1
P5813,Female,DIT,1,2025,Nasinu,411,83,none,71,78,none,92,on time,sponsored,75,1
P5814,Male,DIT,1,2025,Nasinu,411,73,none,86,76,none,90,on time,private,87,1
P5815,Male,DIT,2,2025,Nasinu,411,92,none,90,61,none,73,on time,private,82,1
P5816,Female,DIT,1,2025,Nasinu,411,91,none,74,85,none,74,on time,sponsored,78,1
P5817,Male,DIT,2,2025,Nasinu,411,67,none,70,90,none,63,on time,sponsored,75,1
P5818,Female,DIT,2,2025,Nasinu,411,62,none,76,63,none,84,on time,sponsored,78,1
P5819,Male,DIT,1,2025,Nasinu,411,68,none,92,70,none,77,on time,sponsored,84,1
P5820,Female,DIT,1,2025,Nasinu,411,94,none,67,88,none,85,on time,sponsored,70,1
P5821,Male,DIT,2,2025,Nasinu,413,90,78,88,63,none,none,on time,private,84,1
P5822,Female,DIT,1,2025,Nasinu,413,31,7,7,17,none,none,late submission,sponsored,17,0
P5823,Female,DIT,2,2025,Nasinu,413,35,39,34,42,none,none,late submission,sponsored,45,0
P5824,Male,DIT,1,2025,Nasinu,413,80,86,75,66,none,none,on time,sponsored,85,1
P5825,Female,DIT,1,2025,Nasinu,413,23,53,22,28,none,none,late submission,private,21,0
P5826,Male,DIT,2,2025,Nasinu,413,86,73,91,95,none,none,on time,private,89,1
P5827,Male,DIT,1,2025,Nasinu,413,93,63,85,93,none,none,on time,sponsored,98,1
P5828,Male,DIT,1,2025,Nasinu,413,91,64,87,91,none,none,on time,sponsored,76,1
P5829,Female,DIT,1,2025,Nasinu,413,24,14,51,44,none,none,late submission,sponsored,21,0
P5830,Male,DIT,2,2025,Nasinu,413,30,39,55,33,none,none,late submission,sponsored,30,0
P5831,Female,DIT,2,2025,Nasinu,413,79,63,75,90,none,none,on time,sponsored,94,1
P5832,Male,DIT,2,2025,Nasinu,413,92,74,81,86,none,none,on time,private,81,1
P5833,Male,DIT,1,2025,Nasinu,413,73,69,69,80,none,none,on time,private,97,1
P5834,Female,DIT,1,2025,Nasinu,413,71,80,95,64,none,none,on time,sponsored,78,1
P5835,Female,DIT,2,2025,Nasinu,413,52,45,11,45,none,none,late submission,sponsored,22,0
P5836,Male,DIT,2,2025,Nasinu,413,14,36,38,16,none,none,late submission,private,15,0
P5837,Female,DIT,2,2025,Nasinu,413,80,74,66,80,none,none,on time,private,76,1
P5838,Female,DIT,1,2025,Nasinu,413,49,51,30,38,none,none,late submission,sponsored,31,0
P5839,Female,DIT,2,2025,Nasinu,413,44,42,19,23,none,none,late submission,private,5,0
P5840,Female,DIT,1,2025,Nasinu,413,95,71,66,89,none,none,on time,sponsored,99,1
P5841,Female,DIT,1,2025,Nasinu,413,86,85,92,64,none,none,on time,sponsored,100,1
P5842,Male,DIT,1,2025,Nasinu,413,72,87,88,61,none,none,on time,private,89,1
P5843,Female,DIT,1,2025,Nasinu,413,78,60,71,79,none,none,on time,sponsored,91,1
P5844,Male,DIT,1,2025,Nasinu,413,66,93,74,63,none,none,on time,private,93,1
P5845,Female,DIT,1,2025,Nasinu,413,80,79,60,66,none,none,on time,private,77,1
P5846,Male,DIT,2,2025,Nasinu,413,95,77,69,61,none,none,on time,private,75,1
P5847,Male,DIT,2,2025,Nasinu,413,60,79,88,86,none,none,on time,private,96,1
P5848,Female,DIT,1,2025,Nasinu,413,64,81,86,77,none,none,on time,private,93,1
P5849,Male,DIT,2,2025,Nasinu,413,72,94,64,72,none,none,on time,private,85,1
P5850,Female,DIT,1,2025,Nasinu,413,79,80,65,63,none,none,on time,sponsored,96,1
P5851,Male,DIT,2,2025,Nasinu,413,41,12,20,24,none,none,late submission,sponsored,9,0
P5852,Female,DIT,2,2025,Nasinu,413,62,71,75,90,none,none,on time,sponsored,88,1
P5853,Female,DIT,2,2025,Nasinu,413,71,70,82,74,none,none,on time,private,91,1
P5854,Male,DIT,2,2025,Nasinu,413,64,94,72,61,none,none,on time,sponsored,78,1
P5855,Male,DIT,2,2025,Nasinu,413,78,60,84,87,none,none,on time,sponsored,90,1
P5856,Male,DIT,1,2025,Nasinu,413,79,93,94,74,none,none,on time,sponsored,76,1
P5857,Male,DIT,2,2025,Nasinu,413,93,84,87,76,none,none,on time,sponsored,81,1
P5858,Male,DIT,2,2025,Nasinu,413,11,18,15,46,none,none,late submission,private,46,0
P5859,Male,DIT,2,2025,Nasinu,413,21,1,28,17,none,none,late submission,private,17,0
P5860,Male,DIT,2,2025,Nasinu,413,10,48,54,35,none,none,late submission,private,2,0
P5861,Female,DIT,2,2025,Nasinu,413,15,36,27,51,none,none,late submission,sponsored,61,0
P5862,Female,DIT,2,2025,Nasinu,413,90,85,81,62,none,none,on time,sponsored,80,1
P5863,Female,DIT,2,2025,Nasinu,413,60,62,81,77,none,none,on time,sponsored,87,1
P5864,Male,DIT,2,2025,Nasinu,413,85,84,93,87,none,none,on time,private,78,1
P5865,Female,DIT,2,2025,Nasinu,413,89,61,86,66,none,none,on time,private,89,1
P5866,Female,DIT,1,2025,Nasinu,413,5,54,16,39,none,none,late submission,sponsored,55,0
P5867,Female,DIT,1,2025,Nasinu,413,93,76,88,66,none,none,on time,sponsored,100,1
P5868,Female,DIT,2,2025,Nasinu,413,87,80,60,81,none,none,on time,private,81,1
P5869,Male,DIT,2,2025,Nasinu,413,31,42,18,16,none,none,late submission,private,12,0
P5870,Male,DIT,1,2025,Nasinu,413,87,93,80,61,none,none,on time,private,76,1
P5871,Female,DIT,2,2025,Nasinu,413,50,26,26,54,none,none,late submission,private,2,0
P5872,Male,DIT,2,2025,Nasinu,413,76,71,95,87,none,none,on time,sponsored,71,1
P5873,Male,DIT,2,2025,Nasinu,413,21,51,28,7,none,none,late submission,sponsored,68,0
P5874,Female,DIT,1,2025,Nasinu,413,55,43,54,15,none,none,late submission,sponsored,42,0
P5875,Female,DIT,2,2025,Nasinu,413,79,92,64,86,none,none,on time,private,75,1
P5876,Male,DIT,2,2025,Nasinu,413,95,63,84,72,none,none,on time,private,94,1
P5877,Female,DIT,2,2025,Nasinu,413,61,65,69,88,none,none,on time,sponsored,93,1
P5878,Female,DIT,2,2025,Nasinu,413,60,78,92,83,none,none,on time,sponsored,95,1
P5879,Male,DIT,2,2025,Nasinu,413,90,63,73,84,none,none,on time,private,86,1
P5880,Female,DIT,2,2025,Nasinu,413,87,73,76,79,none,none,on time,sponsored,100,1
P5881,Female,BIS,1,2025,Nasinu,501,92,none,none,66,94,69,on time,private,78,1
P5882,Male,BIS,2,2025,Nasinu,501,none,none,none,67,0,0,on time,sponsored,83,1
P5883,Female,BIS,2,2025,Nasinu,501,8,15,none,28,0,44,late submission,private,22,0
P5884,Female,BIS,2,2025,Nasinu,501,77,75,none,92,81,82,on time,private,85,1
P5885,Female,BIS,2,2025,Nasinu,501,30,29,none,35,0,0,late submission,sponsored,3,0
P5886,Male,BIS,1,2025,Nasinu,501,29,5,none,38,0,0,late submission,private,61,0
P5887,Male,BIS,1,2025,Nasinu,501,none,none,none,62,77,0,on time,sponsored,85,1
P5888,Female,BIS,2,2025,Nasinu,501,78,none,none,93,0,83,on time,sponsored,74,1
P5889,Female,BIS,1,2025,Nasinu,501,none,none,none,55,0,29,late submission,private,16,0
P5890,Male,BIS,1,2025,Nasinu,501,83,none,none,92,0,65,on time,private,77,1
P5891,Male,BIS,2,2025,Nasinu,501,77,none,none,79,0,0,on time,private,93,1
P5892,Male,BIS,2,2025,Nasinu,501,77,86,none,84,95,0,on time,sponsored,91,1
P5893,Male,BIS,2,2025,Nasinu,501,none,none,none,74,74,71,on time,private,89,1
P5894,Female,BIS,2,2025,Nasinu,501,17,none,none,39,0,11,late submission,private,2,0
P5895,Male,BIS,2,2025,Nasinu,501,65,none,none,79,0,88,on time,sponsored,72,1
P5896,Male,BIS,1,2025,Nasinu,501,70,89,none,79,68,0,on time,private,93,1
P5897,Female,BIS,2,2025,Nasinu,501,74,74,none,65,0,0,on time,sponsored,99,1
P5898,Female,BIS,2,2025,Nasinu,501,73,none,none,60,0,0,on time,sponsored,76,1
P5899,Male,BIS,2,2025,Nasinu,501,none,none,none,39,0,40,late submission,private,53,0
P5900,Male,BIS,2,2025,Nasinu,501,63,none,none,95,0,83,on time,private,80,1
P5901,Female,BIS,2,2025,Nasinu,501,none,none,none,79,94,95,on time,sponsored,89,1
P5902,Male,BIS,1,2025,Nasinu,501,55,12,none,8,45,19,late submission,private,8,0
P5903,Male,BIS,2,2025,Nasinu,501,none,none,none,92,80,90,on time,sponsored,93,1
P5904,Female,BIS,1,2025,Nasinu,501,none,none,none,21,0,23,late submission,private,37,0
P5905,Male,BIS,1,2025,Nasinu,501,63,none,none,88,88,66,on time,sponsored,71,1
P5906,Female,BIS,2,2025,Nasinu,501,80,86,none,75,0,79,on time,private,79,1
P5907,Male,BIS,1,2025,Nasinu,501,none,63,none,79,65,0,on time,private,100,1
P5908,Male,BIS,2,2025,Nasinu,501,none,none,none,10,0,8,late submission,sponsored,48,0
P5909,Female,BIS,1,2025,Nasinu,501,none,91,none,85,0,84,on time,sponsored,86,1
P5910,Male,BIS,1,2025,Nasinu,501,none,none,none,68,0,68,on time,sponsored,85,1
P5911,Female,BIS,1,2025,Nasinu,501,none,89,none,95,0,0,on time,sponsored,75,1
P5912,Male,BIS,2,2025,Nasinu,501,5,none,none,45,51,21,late submission,private,18,0
P5913,Male,BIS,2,2025,Nasinu,501,none,none,none,76,0,0,on time,sponsored,82,1
P5914,Female,BIS,2,2025,Nasinu,501,none,61,none,65,0,0,on time,private,95,1
P5915,Female,BIS,1,2025,Nasinu,501,81,none,none,74,0,0,on time,private,98,1
P5916,Female,BIS,2,2025,Nasinu,501,none,none,none,86,68,61,on time,sponsored,99,1
P5917,Male,BIS,1,2025,Nasinu,501,90,none,none,60,73,0,on time,private,70,1
P5918,Male,BIS,2,2025,Nasinu,501,none,none,none,45,0,19,late submission,private,66,0
P5919,Male,BIS,2,2025,Nasinu,501,none,79,none,68,95,82,on time,sponsored,88,1
P5920,Female,BIS,2,2025,Nasinu,501,none,85,none,60,0,0,on time,private,71,1
P5921,Female,BIS,2,2025,Nasinu,501,70,none,none,70,93,94,on time,sponsored,91,1
P5922,Male,BIS,1,2025,Nasinu,501,62,92,none,87,0,0,on time,sponsored,81,1
P5923,Female,BIS,2,2025,Nasinu,501,77,none,none,90,0,0,on time,private,89,1
P5924,Female,BIS,1,2025,Nasinu,501,65,80,none,81,0,0,on time,sponsored,81,1
P5925,Female,BIS,1,2025,Nasinu,501,33,none,none,27,0,48,late submission,private,8,0
P5926,Male,BIS,2,2025,Nasinu,501,77,82,none,64,0,79,on time,sponsored,80,1
P5927,Female,BIS,2,2025,Nasinu,501,none,73,none,92,71,0,on time,sponsored,83,1
P5928,Male,BIS,1,2025,Nasinu,501,none,71,none,69,0,94,on time,private,93,1
P5929,Female,BIS,1,2025,Nasinu,501,93,none,none,65,92,77,on time,sponsored,83,1
P5930,Male,BIS,1,2025,Nasinu,501,4,none,none,28,47,0,late submission,sponsored,70,0
P5931,Female,BIS,2,2025,Nasinu,501,76,none,none,82,75,85,on time,private,81,1
P5932,Female,BIS,2,2025,Nasinu,501,none,3,none,47,0,0,late submission,sponsored,51,0
P5933,Male,BIS,1,2025,Nasinu,501,86,69,none,62,70,0,on time,private,74,1
P5934,Male,BIS,1,2025,Nasinu,501,21,none,none,5,0,0,late submission,private,63,0
P5935,Female,BIS,1,2025,Nasinu,501,30,18,none,0,28,0,late submission,private,47,0
P5936,Female,BIS,1,2025,Nasinu,501,none,89,none,83,83,0,on time,sponsored,98,1
P5937,Female,BIS,1,2025,Nasinu,501,none,27,none,39,34,33,late submission,private,21,0
P5938,Female,BIS,2,2025,Nasinu,501,82,none,none,90,0,0,on time,private,84,1
P5939,Female,BIS,1,2025,Nasinu,501,87,none,none,81,86,69,on time,sponsored,79,1
P5940,Female,BIS,1,2025,Nasinu,501,none,none,none,83,0,67,on time,sponsored,100,1
P5941,Male,BIS,1,2025,Nasinu,603,89,none,38.65,none,none,none,on time,private,80,1
P5942,Male,BIS,2,2025,Nasinu,603,64,none,49.56,none,none,none,on time,sponsored,78,1
P5943,Female,BIS,2,2025,Nasinu,603,89,none,53.86,none,none,none,on time,private,81,1
P5944,Female,BIS,2,2025,Nasinu,603,77,none,44.44,none,none,none,on time,private,77,1
P5945,Female,BIS,2,2025,Nasinu,603,83,none,39.03,none,none,none,on time,private,87,1
P5946,Female,BIS,1,2025,Nasinu,603,83,none,35.49,none,none,none,on time,private,74,1
P5947,Male,BIS,2,2025,Nasinu,603,91,none,35.86,none,none,none,on time,private,89,1
P5948,Male,BIS,2,2025,Nasinu,603,67,none,48.3,none,none,none,on time,private,74,1
P5949,Female,BIS,1,2025,Nasinu,603,88,none,25.06,none,none,none,on time,private,93,1
P5950,Male,BIS,2,2025,Nasinu,603,66,none,32.63,none,none,none,on time,private,82,1
P5951,Female,BIS,2,2025,Nasinu,603,78,none,28.73,none,none,none,on time,sponsored,95,1
P5952,Female,BIS,2,2025,Nasinu,603,91,none,53.16,none,none,none,on time,sponsored,71,1
P5953,Female,BIS,2,2025,Nasinu,603,72,none,43.25,none,none,none,on time,sponsored,84,1
P5954,Female,BIS,1,2025,Nasinu,603,61,none,44.77,none,none,none,on time,private,84,1
P5955,Male,BIS,1,2025,Nasinu,603,89,none,42.18,none,none,none,on time,private,71,1
P5956,Female,BIS,1,2025,Nasinu,603,93,none,34.38,none,none,none,on time,sponsored,83,1
P5957,Male,BIS,2,2025,Nasinu,603,47,none,27.93,none,none,none,late submission,sponsored,19,0
P5958,Male,BIS,2,2025,Nasinu,603,82,none,54.95,none,none,none,on time,sponsored,91,1
P5959,Female,BIS,2,2025,Nasinu,603,45,none,18.45,none,none,none,late submission,private,47,0
P5960,Female,BIS,1,2025,Nasinu,603,68,none,41.02,none,none,none,on time,sponsored,84,1
P5961,Male,BIS,2,2025,Nasinu,603,51,none,12.09,none,none,none,late submission,sponsored,27,0
P5962,Male,BIS,1,2025,Nasinu,603,72,none,26.41,none,none,none,on time,private,72,1
P5963,Female,BIS,2,2025,Nasinu,603,74,none,37.97,none,none,none,on time,private,90,1
P5964,Male,BIS,2,2025,Nasinu,603,88,none,48.06,none,none,none,on time,private,94,1
P5965,Male,BIS,2,2025,Nasinu,603,60,none,44.93,none,none,none,on time,sponsored,70,1
P5966,Female,BIS,1,2025,Nasinu,603,35,none,28.48,none,none,none,late submission,private,55,0
P5967,Female,BIS,1,2025,Nasinu,603,71,none,53.46,none,none,none,on time,private,97,1
P5968,Female,BIS,1,2025,Nasinu,603,45,none,27.24,none,none,none,late submission,private,60,0
P5969,Male,BIS,1,2025,Nasinu,603,27,none,32.86,none,none,none,late submission,private,66,0
P5970,Male,BIS,1,2025,Nasinu,603,50,none,28.08,none,none,none,late submission,sponsored,16,0
P5971,Male,BIS,2,2025,Nasinu,603,70,none,49.15,none,none,none,on time,private,75,1
P5972,Male,BIS,1,2025,Nasinu,603,81,none,49.3,none,none,none,on time,sponsored,95,1
P5973,Female,BIS,2,2025,Nasinu,603,16,none,22.02,none,none,none,late submission,private,40,0
P5974,Female,BIS,2,2025,Nasinu,603,23,none,24.03,none,none,none,late submission,sponsored,27,0
P5975,Female,BIS,2,2025,Nasinu,603,93,none,27.93,none,none,none,on time,sponsored,72,1
P5976,Female,BIS,1,2025,Nasinu,603,72,none,40.34,none,none,none,on time,private,99,1
P5977,Male,BIS,2,2025,Nasinu,603,73,none,38.34,none,none,none,on time,sponsored,76,1
P5978,Female,BIS,2,2025,Nasinu,603,55,none,17.38,none,none,none,late submission,private,68,0
P5979,Male,BIS,2,2025,Nasinu,603,61,none,53.38,none,none,none,on time,sponsored,74,1
P5980,Female,BIS,1,2025,Nasinu,603,63,none,51.98,none,none,none,on time,private,80,1
P5981,Male,BIS,1,2025,Nasinu,603,84,none,25.34,none,none,none,on time,sponsored,87,1
P5982,Male,BIS,2,2025,Nasinu,603,29,none,31.78,none,none,none,late submission,private,50,0
P5983,Male,BIS,1,2025,Nasinu,603,6,none,34,none,none,none,late submission,private,61,0
P5984,Male,BIS,2,2025,Nasinu,603,60,none,39.5,none,none,none,on time,private,93,1
P5985,Female,BIS,1,2025,Nasinu,603,91,none,29.42,none,none,none,on time,sponsored,75,1
P5986,Female,BIS,2,2025,Nasinu,603,66,none,40.03,none,none,none,on time,private,91,1
P5987,Male,BIS,1,2025,Nasinu,603,84,none,50.35,none,none,none,on time,sponsored,96,1
P5988,Female,BIS,2,2025,Nasinu,603,79,none,28.28,none,none,none,on time,private,83,1
P5989,Male,BIS,2,2025,Nasinu,603,61,none,36.61,none,none,none,on time,sponsored,92,1
P5990,Female,BIS,1,2025,Nasinu,603,14,none,10.44,none,none,none,late submission,sponsored,62,0
P5991,Female,BIS,1,2025,Nasinu,603,63,none,28.7,none,none,none,on time,private,89,1
P5992,Male,BIS,2,2025,Nasinu,603,85,none,54.8,none,none,none,on time,sponsored,73,1
P5993,Male,BIS,2,2025,Nasinu,603,77,none,30.25,none,none,none,on time,private,70,1
P5994,Female,BIS,1,2025,Nasinu,603,68,none,48.43,none,none,none,on time,private,77,1
P5995,Female,BIS,1,2025,Nasinu,603,71,none,28.39,none,none,none,on time,sponsored,70,1
P5996,Male,BIS,2,2025,Nasinu,603,69,none,50.95,none,none,none,on time,sponsored,78,1
P5997,Male,BIS,1,2025,Nasinu,603,48,none,17.62,none,none,none,late submission,sponsored,47,0
P5998,Female,BIS,1,2025,Nasinu,603,60,none,37.25,none,none,none,on time,sponsored,89,1
P5999,Female,BIS,1,2025,Nasinu,603,30,none,10.9,none,none,none,late submission,sponsored,41,0
P6000,Female,BIS,2,2025,Nasinu,603,67,none,25.78,none,none,none,on time,private,94,1
